Exterior1st,MSSubClass,Neighborhood,OverallQual,BsmtQual,HeatingQC,FullBath,TotRmsAbvGrd,GarageFinish,GarageCars,YearBuilt,GarageYrBlt,YrSold,SalePrice
VinylSd,60,CollgCr,7,Gd,Ex,2,8,RFn,2,2003,2003,2008,208500
MetalSd,20,Veenker,6,Gd,Ex,2,6,RFn,2,1976,1976,2007,181500
VinylSd,60,CollgCr,7,Gd,Ex,2,6,RFn,2,2001,2001,2008,223500
Wd Sdng,70,Crawfor,7,TA,Gd,1,7,Unf,3,1915,1998,2006,140000
VinylSd,60,NoRidge,8,Gd,Ex,2,9,RFn,3,2000,2000,2008,250000
VinylSd,50,Mitchel,5,Gd,Ex,1,5,Unf,2,1993,1993,2009,143000
VinylSd,20,Somerst,8,Ex,Ex,2,7,RFn,2,2004,2004,2007,307000
HdBoard,60,NWAmes,7,Gd,Ex,2,7,RFn,2,1973,1973,2009,200000
BrkFace,50,OldTown,7,TA,Gd,2,8,Unf,2,1931,1931,2008,129900
MetalSd,190,BrkSide,5,TA,Ex,1,5,RFn,1,1939,1939,2008,118000
HdBoard,20,Sawyer,5,TA,Ex,1,5,Unf,1,1965,1965,2008,129500
WdShing,60,NridgHt,9,Ex,Ex,3,11,Fin,3,2005,2005,2006,345000
HdBoard,20,Sawyer,5,TA,TA,1,4,Unf,1,1962,1962,2008,144000
VinylSd,20,CollgCr,7,Gd,Ex,2,7,RFn,3,2006,2006,2007,279500
MetalSd,20,NAmes,6,TA,TA,1,5,RFn,1,1960,1960,2008,157000
Wd Sdng,45,BrkSide,7,TA,Ex,1,5,Unf,2,1929,1991,2007,132000
Wd Sdng,20,NAmes,6,TA,Ex,1,5,Fin,2,1970,1970,2010,149000
MetalSd,90,Sawyer,4,NA,TA,2,6,Unf,2,1967,1967,2006,90000
VinylSd,20,SawyerW,5,TA,Ex,1,6,Unf,2,2004,2004,2008,159000
BrkFace,20,NAmes,5,TA,TA,1,6,Unf,1,1958,1958,2009,139000
VinylSd,60,NridgHt,8,Ex,Ex,3,9,RFn,3,2005,2005,2006,325300
Wd Sdng,45,IDOTRR,7,TA,Ex,1,6,Unf,1,1930,1930,2007,139400
VinylSd,20,CollgCr,8,Gd,Ex,2,7,RFn,2,2002,2002,2008,230000
CemntBd,120,MeadowV,5,Gd,TA,1,6,Unf,2,1976,1976,2007,129900
Plywood,20,Sawyer,5,TA,Ex,1,6,Unf,1,1968,1968,2010,154000
VinylSd,20,NridgHt,8,Gd,Ex,2,7,RFn,3,2007,2007,2009,256300
Wd Sdng,20,NAmes,5,TA,TA,1,5,Unf,2,1951,2005,2010,134800
VinylSd,20,NridgHt,8,Ex,Ex,2,7,RFn,3,2007,2008,2010,306000
MetalSd,20,NAmes,5,TA,TA,1,6,RFn,1,1957,1957,2006,207500
MetalSd,30,BrkSide,4,TA,Fa,1,4,Unf,1,1927,1920,2008,68500
BrkFace,70,IDOTRR,4,TA,TA,1,6,Unf,1,1920,1920,2008,40000
HdBoard,20,Sawyer,5,TA,Gd,1,6,Unf,1,1966,1966,2008,149350
VinylSd,20,CollgCr,8,Ex,Ex,2,7,RFn,2,2007,2007,2008,179900
BrkFace,20,NAmes,5,TA,Gd,1,6,RFn,2,1959,1959,2010,165500
MetalSd,120,NridgHt,9,Ex,Ex,2,6,Fin,2,2005,2005,2007,277500
VinylSd,60,NridgHt,8,Ex,Ex,3,9,Fin,3,2004,2004,2006,309000
VinylSd,20,CollgCr,5,Gd,Ex,1,6,Unf,2,1994,1995,2009,145000
Wd Sdng,20,NAmes,5,TA,Gd,1,5,Fin,2,1954,1954,2009,153000
VinylSd,20,NAmes,5,TA,TA,1,5,Unf,1,1953,1953,2010,109000
AsbShng,90,Edwards,4,NA,TA,2,6,NA,0,1955,NA,2008,82000
Wd Sdng,20,NAmes,6,TA,Ex,2,6,RFn,2,1965,1965,2006,160000
VinylSd,20,Timber,5,TA,Gd,1,5,RFn,1,1959,1959,2007,170000
HdBoard,85,SawyerW,5,Gd,Gd,1,5,RFn,2,1983,1983,2007,144000
VinylSd,20,CollgCr,5,Gd,TA,1,5,Unf,1,1975,1977,2008,130250
BrkFace,20,NAmes,5,TA,Ex,1,6,RFn,1,1959,1959,2006,141000
MetalSd,120,NridgHt,9,Ex,Ex,2,6,RFn,2,2005,2005,2010,319900
VinylSd,50,Mitchel,7,Ex,Ex,1,6,RFn,2,2003,2003,2009,239686
VinylSd,20,Somerst,8,Gd,Ex,2,7,RFn,3,2006,2006,2007,249700
MetalSd,190,OldTown,4,TA,Gd,2,8,NA,0,1920,NA,2009,113000
HdBoard,20,Sawyer,5,TA,Ex,1,6,Unf,1,1966,1966,2007,127000
VinylSd,60,Gilbert,6,Gd,Gd,2,6,Fin,2,1997,1997,2007,177000
Wd Sdng,50,BrkSide,6,TA,TA,1,6,Unf,2,1934,1985,2006,114500
Wd Sdng,90,IDOTRR,5,Gd,TA,1,5,Unf,2,1963,1963,2010,110000
WdShing,20,Veenker,9,Ex,Gd,0,5,Fin,3,1981,1981,2006,385000
MetalSd,80,NAmes,5,TA,TA,1,6,Unf,2,1955,1962,2007,130000
HdBoard,20,NAmes,6,TA,Gd,2,7,RFn,2,1964,1964,2008,180500
MetalSd,160,Somerst,8,Gd,Ex,2,7,Fin,2,1999,1999,2009,172500
VinylSd,60,CollgCr,7,Gd,Ex,2,7,RFn,2,2004,2004,2006,196500
VinylSd,60,StoneBr,10,Ex,Ex,3,10,Fin,3,2006,2006,2006,438780
HdBoard,20,CollgCr,5,TA,Ex,1,4,Unf,1,1972,1973,2008,124900
VinylSd,20,SawyerW,6,Gd,Ex,1,5,Unf,2,2004,2006,2006,158000
MetalSd,75,IDOTRR,5,TA,TA,1,6,Unf,1,1920,1935,2007,101000
VinylSd,120,NridgHt,8,Gd,Ex,2,6,RFn,2,2006,2006,2007,202500
Stucco,70,OldTown,7,TA,Gd,2,9,Unf,2,1921,1990,2010,140000
VinylSd,60,CollgCr,7,Gd,Ex,2,8,RFn,2,1997,1998,2009,219500
VinylSd,60,NridgHt,8,Ex,Ex,2,9,RFn,3,2004,2004,2007,317000
Plywood,20,NAmes,7,Gd,TA,2,7,RFn,2,1970,1970,2010,180000
VinylSd,20,CollgCr,7,Gd,Ex,2,7,RFn,2,2003,2003,2007,226000
MetalSd,30,OldTown,4,TA,TA,1,4,Unf,1,1945,1945,2010,80000
BrkFace,50,ClearCr,7,TA,TA,2,7,Fin,2,1953,1953,2006,225000
Plywood,20,NAmes,7,Gd,Ex,2,8,Fin,2,1973,1973,2007,244000
HdBoard,20,Mitchel,4,TA,TA,1,4,Unf,2,1982,1987,2007,129500
VinylSd,60,Gilbert,7,Gd,Gd,2,7,Fin,2,1998,1998,2009,185000
Wd Sdng,20,NAmes,5,TA,Gd,1,6,Unf,2,1954,1989,2010,144900
VinylSd,50,OldTown,3,Fa,Gd,2,8,Unf,1,1915,1915,2010,107400
CemntBd,180,MeadowV,4,Gd,TA,1,5,Unf,1,1973,1973,2009,91000
VinylSd,20,NAmes,4,TA,Ex,1,4,Unf,1,1956,1956,2008,135750
Wd Sdng,50,BrkSide,5,TA,TA,1,6,Unf,1,1948,1948,2008,127000
HdBoard,90,Sawyer,4,TA,TA,2,8,NA,0,1968,NA,2010,136500
Wd Sdng,50,OldTown,5,TA,Gd,1,5,Unf,2,1910,1966,2009,110000
VinylSd,60,NAmes,6,Gd,TA,2,8,Fin,1,1968,1968,2009,193500
VinylSd,120,Mitchel,6,Ex,Ex,2,5,Fin,2,1998,1998,2006,153500
VinylSd,20,Somerst,8,Gd,Ex,2,6,RFn,3,2007,2007,2008,245000
MetalSd,20,NAmes,5,TA,Gd,1,6,Unf,2,1960,1974,2007,126500
HdBoard,80,Gilbert,7,Gd,Gd,2,7,Fin,2,1995,1995,2009,168500
HdBoard,60,NoRidge,8,Gd,Ex,2,9,Unf,2,1991,1991,2006,260000
VinylSd,60,Gilbert,6,Gd,Ex,2,6,Fin,2,2005,2005,2009,174000
VinylSd,160,Somerst,6,Gd,Ex,2,4,RFn,2,2009,2009,2009,164500
Plywood,50,IDOTRR,3,TA,TA,1,6,NA,0,1915,NA,2009,85000
VinylSd,20,CollgCr,4,Gd,Ex,1,5,NA,0,1994,NA,2007,123600
BrkFace,20,NAmes,4,NA,TA,1,4,Unf,2,1950,1950,2006,109900
HdBoard,20,NAmes,5,TA,TA,1,6,Unf,2,1961,1961,2006,98600
Wd Sdng,30,Crawfor,5,Gd,Ex,1,5,Unf,2,1921,1921,2009,163500
MetalSd,190,OldTown,6,TA,Ex,2,9,Unf,2,1910,1900,2007,133900
VinylSd,60,CollgCr,6,Gd,Ex,2,7,RFn,2,1997,1997,2007,204750
VinylSd,60,Gilbert,6,Gd,Gd,2,6,Fin,2,1993,1993,2009,185000
VinylSd,20,CollgCr,7,Gd,Ex,2,6,RFn,2,1999,1999,2006,214000
HdBoard,20,Edwards,4,TA,TA,1,6,Fin,1,1965,1965,2007,94750
Wd Sdng,30,Edwards,5,TA,Fa,1,5,Unf,1,1920,1920,2010,83000
Plywood,20,NAmes,4,TA,Fa,1,6,NA,0,1959,NA,2010,128950
Plywood,20,NWAmes,6,TA,Gd,2,6,RFn,2,1977,1977,2010,205000
HdBoard,60,SawyerW,6,Gd,TA,2,7,Fin,2,1985,1985,2010,178000
HdBoard,90,SawyerW,5,NA,TA,2,8,Unf,2,1979,1979,2009,118964
VinylSd,20,CollgCr,7,Gd,Ex,2,6,RFn,3,2009,2009,2010,198900
Stucco,50,IDOTRR,7,TA,Ex,1,7,Unf,1,1931,1951,2007,169500
VinylSd,60,Somerst,8,Ex,Ex,2,9,RFn,2,2003,2003,2008,250000
VinylSd,30,OldTown,4,Fa,Gd,1,6,Unf,1,1885,1954,2007,100000
VinylSd,20,OldTown,5,TA,Ex,1,5,Unf,1,1948,1948,2008,115000
CemntBd,50,IDOTRR,5,TA,TA,2,7,NA,0,1919,NA,2007,115000
Plywood,20,NWAmes,6,Gd,Ex,2,7,RFn,2,1977,1977,2010,190000
Wd Sdng,50,Edwards,6,TA,Gd,2,7,Unf,1,1954,1954,2006,136900
VinylSd,80,Gilbert,7,Gd,Ex,2,7,Fin,2,2000,2000,2010,180000
VinylSd,60,CollgCr,7,Ex,Ex,2,10,Fin,3,2007,2007,2007,383970
Wd Sdng,20,Crawfor,6,Gd,TA,2,7,Unf,2,1953,1953,2007,217000
Wd Sdng,70,Crawfor,6,TA,Ex,2,9,Unf,1,1945,1945,2007,259500
MetalSd,160,Somerst,6,Gd,Gd,2,5,Unf,2,1999,1999,2007,176000
Wd Sdng,20,Sawyer,5,TA,TA,1,6,Unf,1,1962,1962,2009,139000
VinylSd,20,Edwards,5,Gd,Gd,1,5,Unf,2,2006,2007,2007,155000
Plywood,60,SawyerW,7,Gd,Gd,3,11,Unf,3,1990,1990,2010,320000
VinylSd,60,CollgCr,6,Gd,Ex,2,8,Fin,2,2005,2005,2006,163990
Plywood,80,ClearCr,6,TA,Ex,1,4,Unf,2,1969,1969,2006,180000
AsbShng,50,IDOTRR,4,TA,Gd,1,4,Unf,1,1939,1979,2007,100000
MetalSd,20,NAmes,6,TA,Gd,1,5,Unf,1,1958,1958,2008,136000
Plywood,120,SawyerW,6,Gd,Ex,2,5,RFn,2,1993,1993,2008,153900
HdBoard,20,NWAmes,6,Gd,TA,2,7,Unf,2,1979,1979,2009,181000
Wd Sdng,190,IDOTRR,6,TA,Gd,1,5,NA,0,1935,NA,2006,84500
Plywood,120,NPkVill,6,Gd,TA,2,5,RFn,2,1976,1977,2007,128000
WdShing,45,OldTown,5,TA,Ex,1,5,NA,0,1930,NA,2007,87000
VinylSd,60,NAmes,6,TA,TA,1,6,RFn,2,1966,1966,2006,155000
Plywood,20,NAmes,5,TA,TA,1,6,RFn,2,1958,1998,2006,150000
MetalSd,60,NAmes,7,TA,Ex,2,8,Fin,2,1966,1966,2006,226000
VinylSd,60,Gilbert,6,Gd,Ex,2,7,RFn,2,2000,2000,2009,244000
MetalSd,20,NAmes,5,TA,Gd,1,7,Unf,2,1959,1974,2007,150750
VinylSd,20,Timber,8,Ex,Ex,2,6,Fin,2,2001,2001,2009,220000
Plywood,20,Sawyer,5,TA,Gd,2,7,RFn,2,1968,1968,2006,180000
Plywood,20,NWAmes,7,TA,Gd,2,7,Unf,2,1970,1970,2008,174000
MetalSd,20,NAmes,5,TA,TA,2,5,RFn,1,1967,1967,2007,143000
VinylSd,90,Mitchel,7,TA,Gd,3,9,Unf,3,1988,1989,2006,171000
VinylSd,60,CollgCr,8,Gd,Ex,2,7,Fin,3,1999,1999,2008,230000
VinylSd,60,CollgCr,6,Gd,Ex,2,7,RFn,2,1997,1997,2009,231500
HdBoard,20,NAmes,4,TA,TA,1,5,NA,0,1971,NA,2010,115000
VinylSd,20,CollgCr,7,Gd,Ex,2,7,Fin,2,2005,2005,2006,260000
BrkFace,50,NAmes,5,TA,Fa,2,6,Unf,2,1952,2000,2010,166000
VinylSd,20,CollgCr,7,Gd,Ex,2,6,RFn,2,1999,1999,2009,204000
HdBoard,90,Sawyer,5,TA,TA,2,10,Unf,2,1963,1963,2006,125000
VinylSd,160,Edwards,6,Gd,Ex,2,7,Unf,2,2004,2004,2006,130000
Wd Sdng,30,BrkSide,5,TA,TA,1,5,Unf,1,1931,1931,2009,105000
VinylSd,60,Gilbert,7,Gd,Ex,2,8,Fin,2,2001,2001,2010,222500
VinylSd,20,SawyerW,7,Gd,Ex,1,6,NA,0,2004,NA,2008,141000
MetalSd,50,BrkSide,5,Gd,Gd,1,7,Unf,1,1936,1936,2006,115000
HdBoard,20,CollgCr,5,TA,TA,1,5,Unf,2,1975,1975,2007,122000
VinylSd,20,NridgHt,8,Ex,Ex,2,6,RFn,3,2007,2007,2008,372402
HdBoard,60,NWAmes,6,TA,Gd,2,8,RFn,2,1971,1971,2006,190000
BrkFace,20,ClearCr,6,Gd,Gd,1,4,RFn,2,1960,1960,2008,235000
Wd Sdng,30,OldTown,6,TA,TA,1,7,Unf,1,1923,1923,2006,125000
Wd Sdng,50,Edwards,6,TA,Fa,1,5,NA,0,1924,NA,2008,79000
Wd Sdng,20,NAmes,5,NA,TA,1,5,Unf,2,1950,1950,2006,109500
VinylSd,60,Timber,8,Ex,Ex,2,8,Fin,3,2009,2009,2010,269500
VinylSd,60,Somerst,7,Gd,Ex,2,8,RFn,2,2004,2004,2010,254900
VinylSd,60,Gilbert,7,Gd,Ex,2,9,RFn,2,2005,2006,2006,320000
Plywood,20,Veenker,6,Gd,TA,2,6,Unf,2,1984,1984,2008,162500
VinylSd,60,NridgHt,9,Ex,Ex,2,10,Fin,3,2003,2003,2008,412500
VinylSd,20,NridgHt,7,Gd,Ex,2,7,RFn,2,2005,2005,2010,220000
MetalSd,45,OldTown,4,TA,Ex,1,4,NA,0,1956,NA,2007,103200
MetalSd,40,OldTown,6,TA,Gd,2,5,Unf,1,1926,1926,2007,152000
Wd Sdng,190,Edwards,5,TA,Gd,2,6,NA,0,1940,NA,2008,127500
Wd Sdng,20,ClearCr,5,TA,Ex,1,7,Fin,1,1955,1955,2009,190000
VinylSd,60,NridgHt,8,Ex,Ex,1,8,Fin,3,2007,2007,2007,325624
VinylSd,60,Gilbert,7,Gd,Ex,2,7,Fin,2,2004,2004,2007,183500
Plywood,20,Timber,8,Gd,TA,2,6,RFn,2,1981,1981,2006,228000
MetalSd,50,OldTown,5,TA,TA,1,7,Unf,2,1941,1991,2007,128500
BrkFace,20,NAmes,6,TA,Fa,1,7,Fin,2,1960,1960,2010,215000
HdBoard,160,StoneBr,7,Gd,Gd,2,5,RFn,2,1987,1987,2006,239000
WdShing,20,NAmes,6,TA,TA,1,6,Unf,2,1961,1961,2008,163000
VinylSd,20,Timber,6,Gd,TA,2,7,Fin,2,1986,1986,2008,184000
WdShing,20,Edwards,6,TA,TA,2,7,Unf,2,1950,1950,2007,243000
Plywood,60,ClearCr,6,Gd,TA,2,8,Unf,2,1988,1988,2007,211000
MetalSd,50,Sawyer,5,TA,Ex,2,8,Unf,2,1958,1958,2006,172500
VinylSd,20,StoneBr,9,Ex,Ex,2,9,Fin,3,2008,2009,2009,501837
Wd Sdng,30,OldTown,5,TA,TA,1,5,Unf,2,1923,1935,2007,100000
MetalSd,160,Somerst,6,Gd,Ex,2,5,Unf,2,2000,2000,2007,177000
Stucco,70,Crawfor,7,Fa,Gd,1,9,Unf,1,1920,1920,2006,200100
Wd Sdng,20,Edwards,5,NA,Ex,1,7,RFn,1,1957,1957,2007,120000
VinylSd,50,OldTown,7,Gd,Ex,2,6,Unf,2,2003,2003,2008,200000
AsbShng,50,BrkSide,5,Fa,Gd,1,5,Unf,2,1908,1986,2006,127000
Wd Sdng,75,OldTown,10,TA,Ex,2,12,Unf,3,1892,1993,2006,475000
HdBoard,80,Mitchel,7,Gd,Ex,2,6,Unf,2,1990,1990,2009,173000
HdBoard,50,OldTown,5,Fa,Ex,2,8,Unf,1,1916,1916,2009,135000
Plywood,90,SawyerW,5,Gd,TA,0,6,Unf,2,1979,1979,2009,153337
CemntBd,120,StoneBr,8,Ex,Ex,1,5,Fin,2,2001,2001,2008,286000
BrkFace,70,Crawfor,8,Gd,TA,2,10,Unf,2,1932,1932,2007,315000
HdBoard,60,NAmes,7,TA,Gd,1,7,Fin,2,1972,1972,2007,184000
VinylSd,20,CollgCr,7,Gd,Ex,2,6,Fin,2,1999,1999,2009,192000
VinylSd,160,Edwards,7,Gd,Ex,2,7,Unf,2,2004,2004,2006,130000
HdBoard,20,CollgCr,5,TA,TA,1,5,Unf,1,1972,1989,2008,127000
Plywood,160,NPkVill,6,Gd,TA,2,7,Unf,2,1976,1976,2009,148500
CemntBd,20,Somerst,7,Ex,Ex,2,8,Fin,3,2007,2007,2007,311872
Stucco,75,NAmes,8,TA,Gd,2,8,Unf,2,1918,1918,2006,235000
Wd Sdng,75,OldTown,6,TA,Ex,1,8,NA,0,1912,NA,2009,104000
VinylSd,20,NridgHt,8,Ex,Ex,2,7,Fin,3,2004,2004,2009,274900
VinylSd,20,Edwards,4,Gd,Ex,2,5,RFn,2,2003,2003,2010,140000
Plywood,20,Mitchel,6,TA,TA,2,6,Unf,2,1977,1980,2008,171500
MetalSd,50,OldTown,6,Fa,Gd,2,6,Unf,1,1924,1924,2006,112000
VinylSd,120,CollgCr,6,Gd,Ex,1,3,RFn,2,2004,2004,2008,149000
AsbShng,50,OldTown,5,TA,TA,1,5,Unf,1,1947,1948,2009,110000
HdBoard,20,Gilbert,7,Gd,Ex,2,5,RFn,2,1990,1990,2009,180500
HdBoard,20,Sawyer,5,TA,TA,1,8,RFn,1,1962,1962,2007,143900
Wd Sdng,20,NAmes,4,TA,TA,1,6,RFn,1,1960,1960,2008,141000
Plywood,60,SawyerW,7,Gd,Ex,2,7,Fin,2,1988,1988,2007,277000
HdBoard,20,NAmes,6,Gd,Ex,1,6,RFn,2,1964,1964,2008,145000
Stucco,30,Edwards,5,TA,TA,1,5,NA,0,1925,NA,2008,98000
VinylSd,20,Edwards,6,Gd,Ex,2,6,RFn,2,2009,2009,2010,186000
VinylSd,60,Somerst,7,Gd,Ex,2,7,RFn,2,2009,2009,2009,252678
VinylSd,20,CollgCr,5,Gd,Ex,1,5,Unf,2,1995,1996,2006,156000
HdBoard,60,CollgCr,6,Gd,Ex,1,6,Fin,1,1977,1977,2010,161750
HdBoard,20,NAmes,5,TA,TA,1,6,Unf,1,1957,1957,2006,134450
VinylSd,20,CollgCr,7,Gd,Ex,2,8,Unf,2,2004,2004,2008,210000
MetalSd,70,OldTown,4,TA,Fa,1,8,Unf,1,1925,1940,2006,107000
VinylSd,50,Crawfor,7,TA,Ex,1,8,Unf,2,1939,1939,2008,311500
VinylSd,120,Blmngtn,7,Gd,Ex,2,5,Fin,2,2005,2005,2006,167240
VinylSd,20,CollgCr,7,Gd,Ex,2,5,RFn,2,2006,2006,2006,204900
VinylSd,60,Gilbert,6,Gd,Ex,2,8,RFn,2,2002,2002,2009,200000
VinylSd,60,NWAmes,6,Gd,TA,2,6,RFn,2,1975,1975,2006,179900
HdBoard,20,NAmes,4,TA,Gd,1,4,Unf,2,1971,1989,2009,97000
VinylSd,20,NridgHt,10,Ex,Ex,2,8,Fin,3,2003,2003,2009,386250
HdBoard,160,BrDale,5,TA,TA,2,6,Unf,1,1971,1991,2009,112000
VinylSd,60,NoRidge,7,Gd,Ex,2,9,RFn,3,1995,1995,2007,290000
HdBoard,160,BrDale,6,TA,TA,1,5,Unf,1,1970,1987,2008,106000
HdBoard,20,Sawyer,5,TA,TA,1,5,Unf,1,1967,1974,2010,125000
VinylSd,120,Blmngtn,7,Gd,Ex,2,7,Fin,2,2005,2005,2009,192500
MetalSd,20,NAmes,6,TA,TA,1,6,RFn,1,1959,1959,2010,148000
VinylSd,60,NoRidge,8,Gd,Ex,2,9,Fin,3,1995,1995,2009,403000
HdBoard,160,BrDale,6,TA,TA,1,5,Unf,1,1972,1972,2006,94500
HdBoard,20,CollgCr,5,TA,TA,1,5,Unf,1,1976,1976,2010,128200
VinylSd,60,Gilbert,6,Gd,Ex,2,8,Fin,2,2002,2002,2010,216500
HdBoard,160,BrDale,6,TA,TA,1,5,Unf,1,1971,1971,2008,89500
VinylSd,20,CollgCr,7,Gd,Ex,2,6,RFn,2,2004,2004,2010,185500
HdBoard,60,SawyerW,7,Gd,Ex,2,7,RFn,2,1993,1993,2010,194500
VinylSd,20,NridgHt,8,Ex,Ex,2,7,Fin,3,2007,2007,2007,318000
VinylSd,50,Edwards,6,TA,TA,1,7,Unf,1,1945,1949,2010,113000
VinylSd,20,Somerst,8,Gd,Ex,2,7,RFn,2,2008,2008,2010,262500
VinylSd,30,OldTown,5,TA,Gd,1,4,NA,0,1945,NA,2007,110500
Wd Sdng,50,OldTown,5,TA,Gd,1,6,Unf,1,1900,1940,2006,79000
Plywood,160,SawyerW,6,Gd,TA,1,6,RFn,1,1980,1980,2009,120000
VinylSd,60,SawyerW,7,Gd,Ex,2,8,RFn,2,1994,1994,2010,205000
Wd Sdng,20,NWAmes,7,Gd,Gd,2,6,Fin,2,1988,1988,2006,241500
AsbShng,190,OldTown,6,Fa,Gd,2,9,Unf,1,1910,1910,2006,137000
Wd Sdng,20,NAmes,6,TA,Ex,1,5,Unf,2,1954,1954,2006,140000
VinylSd,60,CollgCr,7,Gd,Ex,2,8,RFn,2,2003,2003,2007,180000
Wd Sdng,50,ClearCr,6,Gd,Gd,2,7,Fin,2,1958,1958,2007,277000
Wd Sdng,30,BrkSide,3,TA,Ex,1,6,NA,0,1940,NA,2010,76500
VinylSd,120,Crawfor,8,Gd,Ex,2,5,Fin,2,2006,2006,2007,235000
VinylSd,60,SawyerW,6,Gd,Ex,2,6,RFn,2,2004,2004,2008,173000
HdBoard,80,NAmes,6,Gd,Ex,2,7,RFn,1,1964,1964,2007,158000
MetalSd,20,NAmes,5,TA,TA,1,5,RFn,1,1957,1957,2010,145000
VinylSd,60,Gilbert,7,Gd,Ex,2,8,Fin,2,1999,1999,2006,230000
VinylSd,60,Somerst,6,Gd,Ex,2,7,RFn,2,2003,2003,2008,207500
VinylSd,20,CollgCr,7,Gd,Ex,2,8,RFn,2,2006,2006,2009,220000
VinylSd,60,CollgCr,7,Gd,Ex,2,7,RFn,2,2001,2001,2008,231500
BrkFace,20,OldTown,5,NA,Gd,1,4,Unf,1,1956,1956,2008,97000
Wd Sdng,80,NAmes,6,TA,TA,1,6,Unf,2,1962,1991,2009,176000
CemntBd,60,CollgCr,8,Ex,Ex,2,10,Fin,3,2007,2007,2007,276000
HdBoard,80,Sawyer,6,Gd,TA,1,6,Unf,2,1977,1978,2006,151000
Wd Sdng,50,OldTown,5,TA,TA,1,6,Unf,2,1929,1974,2010,130000
Wd Sdng,30,OldTown,5,Fa,Gd,1,4,Unf,2,1925,1965,2008,73000
MetalSd,20,NWAmes,6,Gd,TA,2,7,Fin,2,1981,1981,2008,175500
VinylSd,60,Gilbert,6,Gd,Gd,2,8,Fin,2,1997,1997,2006,185000
Wd Sdng,75,SWISU,5,TA,Ex,2,8,Unf,1,1939,1939,2008,179500
VinylSd,30,IDOTRR,5,TA,Ex,1,4,Fin,1,1940,1966,2008,120500
HdBoard,20,Edwards,6,TA,TA,1,6,RFn,1,1976,1987,2007,148000
VinylSd,60,Somerst,8,Gd,Gd,2,8,RFn,3,2006,2006,2006,266000
Plywood,20,ClearCr,7,Gd,Ex,1,5,Unf,2,1954,1954,2008,241500
VinylSd,60,NoRidge,8,Gd,Ex,2,9,Fin,3,1999,1999,2010,290000
Wd Sdng,20,NAmes,6,TA,Gd,2,6,RFn,1,1958,1958,2009,139000
HdBoard,20,Mitchel,5,TA,TA,1,5,Unf,1,1982,1982,2007,124500
Wd Sdng,50,BrkSide,7,TA,Gd,2,5,Unf,2,1925,1978,2009,205000
VinylSd,20,Mitchel,7,Ex,Ex,2,7,Fin,2,2003,2003,2010,201000
VinylSd,20,Gilbert,4,TA,Ex,1,4,Unf,2,1951,1951,2010,141000
CemntBd,20,NridgHt,9,Ex,Ex,2,8,Fin,3,2006,2007,2007,415298
Plywood,60,ClearCr,7,Gd,Ex,2,8,Fin,2,1977,1977,2008,192000
Plywood,60,SawyerW,7,Gd,Gd,2,7,Fin,2,1989,1989,2007,228500
VinylSd,20,Somerst,6,Gd,Gd,2,5,Fin,2,2006,2006,2006,185000
VinylSd,120,NridgHt,7,Gd,Ex,2,6,RFn,2,2007,2008,2009,207500
VinylSd,20,Somerst,8,Gd,Ex,2,6,Fin,3,2008,2008,2009,244600
Plywood,120,SawyerW,6,Gd,Gd,2,5,RFn,2,1992,1992,2007,179200
MetalSd,160,Somerst,7,Gd,Ex,2,5,RFn,2,2006,2006,2007,164700
Wd Sdng,50,NAmes,6,TA,TA,1,7,RFn,2,1962,1962,2006,159000
HdBoard,20,NAmes,4,TA,TA,1,5,NA,0,1971,NA,2006,88000
MetalSd,20,Sawyer,5,TA,TA,1,5,Unf,1,1967,1970,2010,122000
Wd Sdng,70,BrkSide,6,TA,Ex,1,7,Unf,1,1915,2003,2007,153575
VinylSd,60,CollgCr,8,Gd,Ex,2,8,RFn,2,2006,2006,2006,233230
VinylSd,190,SWISU,5,TA,Ex,2,9,NA,0,1912,NA,2008,135900
Wd Sdng,50,Edwards,5,TA,Gd,1,8,Unf,1,1949,1949,2009,131000
Plywood,60,NWAmes,7,TA,Fa,2,9,Fin,2,1977,1977,2006,235000
HdBoard,20,NAmes,6,TA,TA,1,7,Fin,2,1953,1953,2009,167000
HdBoard,80,Mitchel,6,TA,TA,1,6,Unf,2,1984,1984,2006,142500
Wd Sdng,50,IDOTRR,5,TA,TA,1,6,Unf,1,1950,1950,2007,152000
VinylSd,60,Somerst,7,Gd,Ex,2,7,RFn,2,1997,1997,2007,239000
HdBoard,60,NWAmes,6,TA,Gd,1,7,Unf,2,1968,1968,2007,175000
HdBoard,20,Crawfor,6,TA,Ex,1,6,Unf,1,1950,1950,2009,158500
MetalSd,190,Crawfor,5,TA,TA,1,5,Unf,1,1953,1953,2006,157000
VinylSd,60,CollgCr,8,Gd,Ex,2,9,Fin,2,1998,1998,2007,267000
VinylSd,20,CollgCr,7,Gd,Ex,2,6,RFn,3,2001,2001,2006,205000
VinylSd,20,CollgCr,5,TA,TA,1,5,Unf,2,1972,1975,2006,149900
CemntBd,75,OldTown,7,TA,Ex,3,10,Unf,3,1880,2003,2008,295000
CemntBd,20,CollgCr,8,Gd,Ex,2,8,Fin,3,2004,2004,2007,305900
HdBoard,60,SawyerW,7,Gd,Gd,2,8,RFn,3,1990,1990,2007,225000
MetalSd,50,IDOTRR,6,TA,TA,1,6,NA,0,1920,NA,2008,89500
VinylSd,30,Edwards,4,TA,Ex,1,4,Unf,2,1940,1961,2009,82500
VinylSd,20,NridgHt,9,Ex,Ex,2,8,Fin,3,2003,2003,2006,360000
HdBoard,60,Gilbert,6,Gd,Gd,2,6,Fin,2,1993,1993,2006,165600
VinylSd,20,NAmes,6,TA,Ex,1,5,Unf,1,1948,1948,2009,132000
MetalSd,190,OldTown,5,Gd,TA,1,5,Unf,2,1939,1939,2006,119900
BrkFace,20,Timber,7,Gd,TA,2,8,RFn,2,1965,1965,2009,375000
Wd Sdng,70,OldTown,7,TA,Ex,1,6,Unf,2,1925,1925,2006,178000
VinylSd,60,Gilbert,7,Gd,Ex,2,6,Fin,2,2004,2004,2009,188500
CemntBd,60,NWAmes,7,Gd,TA,2,10,RFn,2,1980,1983,2009,260000
VinylSd,60,Somerst,8,Gd,Ex,2,8,RFn,3,2006,2006,2007,270000
HdBoard,60,NoRidge,7,Gd,Ex,2,9,RFn,3,1993,1993,2009,260000
Plywood,80,NWAmes,7,Gd,TA,2,6,Unf,2,1980,1980,2009,187500
VinylSd,60,NridgHt,9,Ex,Ex,3,9,RFn,3,2006,2006,2006,342643
VinylSd,60,NridgHt,8,Ex,Ex,2,10,Fin,3,2004,2004,2007,354000
Plywood,60,SawyerW,7,TA,Ex,2,8,Fin,2,1986,1987,2007,301000
VinylSd,20,OldTown,3,TA,Ex,1,6,Unf,1,1955,1955,2006,126175
Wd Sdng,80,NAmes,7,Gd,Ex,2,11,Fin,2,1967,1961,2010,242000
MetalSd,45,IDOTRR,5,TA,Po,1,5,Unf,2,1941,1941,2007,87000
BrkFace,120,Veenker,8,Gd,Ex,1,6,Fin,2,1993,1993,2008,324000
Wd Sdng,20,NAmes,6,TA,TA,1,7,RFn,1,1960,1960,2006,145250
Wd Sdng,75,BrkSide,6,TA,Gd,2,10,Unf,2,1916,1930,2009,214500
Wd Sdng,70,IDOTRR,5,TA,TA,1,6,Unf,1,1920,1920,2009,78000
HdBoard,90,NAmes,5,TA,TA,2,10,Unf,1,1964,2002,2007,119000
Wd Sdng,20,NAmes,5,TA,Fa,1,6,RFn,1,1958,1958,2007,139000
VinylSd,20,NridgHt,8,Gd,Ex,2,7,RFn,3,2003,2003,2009,284000
VinylSd,120,NridgHt,7,Gd,Ex,2,6,RFn,2,2004,2004,2008,207000
VinylSd,60,Gilbert,6,Gd,Gd,2,7,Fin,2,1998,1998,2008,192000
Plywood,190,Timber,5,TA,Ex,2,7,Fin,2,1965,1965,2008,228950
VinylSd,20,StoneBr,9,Ex,Ex,2,8,Fin,3,2005,2005,2007,377426
VinylSd,20,CollgCr,7,Gd,Ex,2,7,RFn,2,2002,2002,2008,214000
Wd Sdng,20,NWAmes,7,Gd,Ex,2,8,RFn,2,1984,1984,2006,202500
Wd Sdng,20,NAmes,6,TA,TA,1,6,Unf,1,1958,1958,2009,155000
VinylSd,60,Timber,8,Gd,Ex,2,9,Fin,2,2002,2002,2010,202900
Wd Sdng,20,SawyerW,4,TA,Gd,1,4,Unf,1,1950,1950,2009,82000
Stucco,90,NAmes,3,NA,Fa,2,6,Unf,2,1949,1949,2006,87500
MetalSd,120,NridgHt,9,Ex,Ex,2,6,RFn,2,2005,2005,2008,266000
CemntBd,160,MeadowV,5,Gd,TA,1,4,Unf,1,1976,1976,2010,85000
MetalSd,50,BrkSide,6,TA,Gd,1,6,Unf,1,1939,1939,2006,140200
MetalSd,20,NAmes,6,TA,TA,1,5,RFn,1,1960,1960,2007,151500
Wd Sdng,20,NAmes,6,TA,Ex,2,6,Unf,2,1960,1960,2009,157500
VinylSd,160,NridgHt,7,Gd,Ex,2,6,RFn,2,2003,2003,2008,154000
CemntBd,60,NridgHt,9,Ex,Ex,2,10,Fin,3,2005,2006,2006,437154
MetalSd,120,NridgHt,9,Ex,Ex,2,6,RFn,2,2007,2007,2007,318061
Wd Sdng,120,ClearCr,7,Gd,Gd,1,6,RFn,2,1986,1986,2006,190000
VinylSd,50,Edwards,5,TA,TA,1,5,Unf,1,1941,1941,2008,95000
VinylSd,30,OldTown,6,TA,Gd,1,5,Unf,2,1928,2005,2010,105900
Wd Sdng,50,SWISU,6,TA,Ex,1,6,Unf,1,1940,1940,2006,140000
VinylSd,20,CollgCr,6,Gd,Ex,2,6,RFn,2,1995,1995,2007,177500
HdBoard,20,Gilbert,6,Gd,Gd,2,6,RFn,2,1992,1992,2009,173000
CemntBd,120,MeadowV,5,Gd,TA,1,6,Fin,2,1976,1976,2007,134000
Wd Sdng,80,ClearCr,5,TA,Ex,1,6,Unf,1,1958,1958,2006,130000
VinylSd,60,NoRidge,8,Gd,Ex,2,7,RFn,2,1998,1998,2006,280000
VinylSd,85,Mitchel,6,Gd,Ex,1,5,RFn,2,1978,1978,2007,156000
MetalSd,50,BrkSide,5,TA,Gd,1,8,Unf,1,1940,1940,2008,145000
HdBoard,85,Edwards,7,NA,Ex,3,7,RFn,2,2003,2003,2009,198500
HdBoard,160,BrDale,6,TA,Gd,1,5,Unf,1,1972,1972,2009,118000
HdBoard,60,NWAmes,6,Gd,TA,2,6,Fin,2,1976,1976,2006,190000
VinylSd,70,IDOTRR,5,TA,Gd,1,6,Unf,1,1920,1964,2009,147000
Plywood,20,NAmes,6,Gd,Gd,1,6,RFn,2,1963,1963,2009,159000
Plywood,80,NAmes,6,Gd,Gd,1,6,RFn,1,1962,1962,2008,165000
HdBoard,20,NAmes,5,TA,Gd,1,7,Fin,1,1954,1954,2010,132000
Wd Sdng,20,NAmes,5,TA,Ex,1,7,Fin,2,1959,1997,2010,162000
VinylSd,60,Gilbert,6,Gd,Ex,2,7,RFn,2,2000,2000,2006,172400
WdShing,50,ClearCr,4,NA,TA,2,7,Fin,2,1959,1991,2008,134432
Plywood,120,SawyerW,6,Gd,TA,1,4,Unf,1,1984,1984,2010,125000
MetalSd,20,NAmes,5,TA,TA,1,5,Unf,1,1953,1953,2009,123000
VinylSd,60,CollgCr,7,Gd,Ex,2,8,Fin,2,2003,2003,2007,219500
Wd Sdng,30,Edwards,1,Fa,Gd,0,4,NA,0,1922,NA,2009,61000
VinylSd,85,CollgCr,5,Gd,Ex,1,5,Unf,2,1996,1998,2006,148000
CemntBd,60,Somerst,8,Gd,Ex,3,8,RFn,2,2004,2004,2007,340000
VinylSd,20,StoneBr,9,Ex,Ex,1,8,Fin,3,2010,2010,2010,394432
VinylSd,60,Gilbert,6,Gd,Ex,2,7,Fin,2,2000,2000,2009,179000
BrkFace,50,SWISU,5,TA,TA,2,6,Unf,1,1924,1924,2010,127000
VinylSd,20,Somerst,7,Gd,Ex,2,5,RFn,2,2006,2006,2006,187750
VinylSd,60,CollgCr,7,Gd,Ex,2,8,RFn,2,2006,2006,2007,213500
Wd Sdng,45,SawyerW,6,Fa,TA,1,5,Unf,2,1928,1950,2009,76000
HdBoard,60,ClearCr,6,Gd,Ex,2,9,Fin,2,1992,1992,2007,240000
VinylSd,120,Blmngtn,8,Gd,Ex,2,6,Fin,2,2004,2004,2010,192000
Wd Sdng,50,Edwards,5,TA,TA,1,8,NA,0,1910,NA,2006,81000
MetalSd,80,Edwards,6,TA,Ex,1,6,Unf,1,1976,1977,2009,125000
VinylSd,20,CollgCr,7,Gd,Ex,2,6,RFn,2,1999,1999,2008,191000
VinylSd,60,NridgHt,10,Ex,Ex,2,9,Fin,3,2007,2008,2008,426000
MetalSd,50,Edwards,5,TA,Ex,1,7,Unf,1,1900,1978,2008,119000
VinylSd,60,Mitchel,6,Ex,Ex,2,7,Fin,2,2001,2001,2009,215000
MetalSd,20,NAmes,5,NA,TA,1,5,RFn,1,1959,1959,2007,106500
WdShing,30,BrkSide,4,TA,TA,1,4,NA,0,1941,NA,2006,100000
MetalSd,50,OldTown,5,TA,Gd,1,5,Unf,1,1940,1940,2007,109000
Wd Sdng,20,Edwards,5,TA,TA,1,6,Unf,1,1956,1956,2010,129000
MetalSd,20,CollgCr,5,TA,TA,1,6,RFn,2,1972,1985,2009,123000
VinylSd,60,NAmes,5,TA,TA,2,8,RFn,1,1962,1962,2007,169500
MetalSd,30,IDOTRR,5,Fa,Gd,1,6,Unf,1,1920,1920,2007,67000
CemntBd,60,Somerst,7,Gd,Ex,2,7,Fin,2,2006,2007,2009,241000
BrkFace,120,Veenker,8,Gd,Ex,1,4,Fin,2,1996,1996,2008,245500
VinylSd,20,CollgCr,7,Gd,Ex,2,6,Fin,2,2005,2005,2006,164990
Wd Sdng,30,Sawyer,5,TA,Ex,1,4,Unf,1,1940,1940,2008,108000
VinylSd,60,NoRidge,8,Gd,Gd,2,10,Fin,2,1998,1998,2006,258000
MetalSd,60,Gilbert,6,Gd,Gd,2,7,Fin,2,1995,1995,2007,168000
Plywood,20,Sawyer,4,TA,Ex,2,8,Unf,2,1976,1993,2009,150000
MetalSd,50,SWISU,6,TA,Ex,1,6,Unf,1,1936,1936,2008,115000
Wd Sdng,70,Crawfor,6,Gd,Ex,2,8,Unf,1,1915,1960,2008,177000
VinylSd,60,NridgHt,7,Ex,Ex,2,9,RFn,3,2006,2006,2007,280000
VinylSd,60,Somerst,8,Ex,Ex,2,8,Fin,3,2007,2008,2008,339750
BrkComm,20,Edwards,5,TA,TA,1,5,Unf,1,1958,1958,2009,60000
Wd Sdng,190,Gilbert,5,TA,TA,1,5,Fin,2,1955,1955,2006,145000
MetalSd,20,Somerst,7,Ex,Ex,2,7,Fin,2,2009,2009,2010,222000
WdShing,30,OldTown,5,TA,Gd,1,5,Unf,2,1927,1927,2010,115000
VinylSd,60,SawyerW,7,Gd,Ex,2,9,Unf,3,1993,1993,2008,228000
VinylSd,20,Gilbert,7,Gd,Ex,2,6,Fin,2,2007,2007,2007,181134
HdBoard,60,Sawyer,6,TA,TA,1,6,Fin,2,1978,1978,2006,149500
Wd Sdng,70,Crawfor,6,Gd,TA,2,10,Unf,3,1918,1918,2007,239000
MetalSd,50,Edwards,5,TA,Fa,1,7,Unf,1,1940,1940,2007,126000
VinylSd,20,NAmes,5,TA,Ex,1,6,Unf,1,1968,1968,2010,142000
VinylSd,90,Mitchel,7,Gd,Ex,2,8,Fin,4,1997,1997,2008,206300
CemntBd,20,NWAmes,6,Gd,Gd,2,8,Fin,2,1977,1977,2009,215000
HdBoard,20,Mitchel,5,TA,Ex,1,4,RFn,2,1954,1954,2008,113000
VinylSd,60,NoRidge,8,Gd,Gd,2,8,Fin,3,1998,1998,2008,315000
Wd Sdng,20,NAmes,6,Gd,Gd,1,6,RFn,1,1956,1956,2008,139000
HdBoard,60,OldTown,7,TA,Gd,1,6,Unf,1,1946,1947,2009,135000
Wd Sdng,80,SawyerW,7,Gd,Gd,2,5,Fin,2,1989,1989,2009,275000
MetalSd,20,NAmes,4,TA,Ex,1,5,Unf,1,1957,1964,2008,109008
VinylSd,20,CollgCr,7,Gd,Ex,2,6,RFn,2,2007,2007,2007,195400
HdBoard,20,Timber,6,Gd,TA,2,6,Unf,2,1988,1988,2009,175000
HdBoard,160,BrDale,6,TA,TA,1,4,Unf,1,1971,1971,2008,85400
MetalSd,50,OldTown,6,TA,Gd,1,7,NA,0,1920,NA,2008,79900
HdBoard,160,BrDale,5,TA,Ex,1,6,Unf,2,1971,1971,2007,122500
VinylSd,60,Gilbert,6,Gd,Ex,2,7,Fin,2,1997,1997,2008,181000
CemntBd,180,MeadowV,4,Gd,Gd,1,3,NA,0,1972,NA,2008,81000
VinylSd,60,CollgCr,7,Gd,Ex,2,6,RFn,2,1996,1996,2009,212000
Stucco,50,OldTown,6,Fa,TA,1,6,Unf,2,1920,1990,2006,116000
Wd Sdng,45,BrkSide,6,TA,Gd,1,4,Unf,1,1926,1926,2009,119000
WdShing,30,Crawfor,5,TA,TA,1,4,Unf,1,1913,1990,2007,90350
Wd Sdng,50,Edwards,6,TA,Gd,1,7,Unf,2,1920,2005,2009,110000
VinylSd,20,NridgHt,10,Ex,Ex,2,10,Fin,3,2008,2008,2009,555000
VinylSd,90,Edwards,4,TA,TA,2,8,NA,0,1955,NA,2008,118000
MetalSd,50,BrkSide,5,TA,TA,2,8,Unf,2,1930,1930,2008,162900
WdShing,120,Blmngtn,7,Ex,Ex,2,6,Fin,3,2006,2007,2007,172500
VinylSd,60,CollgCr,7,Gd,Ex,2,8,Unf,2,1994,1994,2008,210000
Wd Sdng,20,Edwards,6,TA,Fa,1,7,Unf,2,1956,1956,2009,127500
BrkFace,20,NAmes,6,TA,Ex,2,6,Fin,2,1966,1966,2010,190000
VinylSd,60,Gilbert,7,Gd,Gd,2,10,Fin,2,1998,1998,2006,199900
MetalSd,50,IDOTRR,6,TA,TA,2,7,Unf,1,1937,1937,2006,119500
MetalSd,50,OldTown,3,TA,Ex,1,6,Unf,1,1948,1981,2007,120000
Wd Sdng,30,OldTown,6,TA,Ex,1,5,Unf,1,1930,1932,2006,110000
Plywood,20,ClearCr,7,Gd,TA,2,5,Unf,2,1975,1975,2006,280000
VinylSd,60,Timber,6,Ex,Ex,2,7,Fin,2,1996,1996,2007,204000
VinylSd,60,Somerst,8,Gd,Ex,2,6,RFn,2,2008,2008,2009,210000
Plywood,90,Mitchel,5,TA,TA,2,8,Unf,2,1976,1976,2006,188000
HdBoard,20,NWAmes,7,TA,Fa,1,6,Unf,2,1973,1973,2007,175500
AsbShng,70,OldTown,5,TA,Fa,1,7,Unf,3,1916,1916,2008,98000
Plywood,20,ClearCr,4,Gd,Ex,1,6,Fin,2,1954,1954,2008,256000
Stucco,70,OldTown,8,TA,Fa,1,7,Unf,1,1925,1925,2008,161000
MetalSd,50,BrkSide,5,TA,TA,1,5,Unf,1,1950,1950,2009,110000
VinylSd,60,Somerst,8,Gd,Ex,2,8,Fin,2,2009,2009,2009,263435
Wd Sdng,70,SWISU,7,Gd,Ex,1,6,RFn,2,1936,1971,2009,155000
MetalSd,20,Sawyer,5,TA,Gd,1,5,Unf,1,1965,1965,2009,62383
Stucco,70,Crawfor,6,TA,Fa,1,6,Unf,1,1934,1939,2008,188700
HdBoard,20,CollgCr,5,Gd,TA,2,5,NA,0,1978,NA,2009,124000
VinylSd,120,Blmngtn,7,Gd,Ex,2,6,Fin,2,2004,2004,2006,178740
Plywood,20,NAmes,7,TA,TA,1,5,Unf,2,1970,1970,2007,167000
MetalSd,70,NAmes,5,TA,Ex,1,7,Unf,1,1942,1942,2007,146500
VinylSd,20,NridgHt,8,Gd,Ex,2,7,RFn,3,2006,2006,2007,250000
HdBoard,60,SawyerW,6,Gd,Ex,2,7,RFn,2,1993,1993,2008,187000
HdBoard,120,StoneBr,8,Gd,TA,1,4,RFn,2,1985,1985,2010,212000
WdShing,60,NWAmes,7,Gd,TA,2,8,RFn,2,1977,1977,2007,190000
VinylSd,180,Edwards,6,Gd,Ex,1,5,RFn,2,2005,2005,2008,148000
VinylSd,20,NridgHt,8,Ex,Ex,2,7,RFn,3,2006,2006,2007,440000
CemntBd,120,StoneBr,8,Gd,Ex,2,6,RFn,2,2000,2000,2007,251000
HdBoard,20,Sawyer,5,TA,TA,1,5,Unf,2,1963,1996,2007,132500
VinylSd,20,CollgCr,6,Gd,Ex,2,7,Fin,2,1997,1997,2008,208900
VinylSd,60,NridgHt,9,Gd,Ex,2,9,Fin,3,2006,2006,2007,380000
VinylSd,20,CollgCr,8,Ex,Ex,2,7,RFn,3,2007,2007,2009,297000
Stucco,30,OldTown,4,Fa,TA,1,7,Unf,2,1937,1995,2007,89471
VinylSd,20,NridgHt,9,Ex,Ex,2,8,Fin,3,2004,2004,2006,326000
VinylSd,20,NridgHt,9,Ex,Ex,2,6,Fin,3,2003,2003,2006,374000
Stucco,70,OldTown,7,TA,Ex,1,7,Unf,1,1915,1915,2009,155000
VinylSd,120,Mitchel,6,Ex,Ex,2,5,Unf,2,1998,1998,2006,164000
HdBoard,20,Sawyer,5,TA,Gd,1,6,Unf,1,1962,1963,2007,132500
MetalSd,20,NAmes,5,TA,Gd,1,5,Unf,1,1950,1950,2009,147000
MetalSd,20,NAmes,5,TA,TA,1,6,RFn,2,1965,1965,2007,156000
Plywood,20,NWAmes,5,Gd,Gd,2,7,Unf,2,1971,1971,2007,175000
Wd Sdng,190,OldTown,5,TA,TA,2,10,Unf,2,1900,1970,2006,160000
CemntBd,180,MeadowV,4,Gd,TA,1,3,Unf,1,1970,1970,2009,86000
CemntBd,160,MeadowV,5,Gd,TA,1,4,Fin,1,1976,1976,2008,115000
Wd Sdng,50,NAmes,6,TA,TA,1,5,Unf,1,1941,1941,2006,133000
VinylSd,60,Gilbert,6,Gd,Gd,2,8,RFn,2,2006,2006,2006,172785
BrkFace,20,NAmes,5,TA,TA,1,6,Unf,1,1960,1964,2008,155000
MetalSd,30,OldTown,5,Fa,Gd,1,4,Unf,1,1938,1938,2009,91300
Wd Sdng,30,IDOTRR,4,TA,TA,1,4,NA,0,1920,NA,2009,34900
BrkFace,20,NoRidge,8,Gd,Ex,3,10,RFn,2,1992,1992,2007,430000
Wd Sdng,50,BrkSide,7,TA,Ex,2,8,Unf,1,1925,1925,2008,184000
HdBoard,20,Sawyer,5,TA,Ex,1,5,Fin,1,1967,1967,2009,130000
MetalSd,20,NAmes,5,TA,Fa,1,5,Fin,1,1958,1958,2007,120000
HdBoard,160,BrDale,6,TA,TA,1,7,Unf,1,1973,1973,2007,113000
VinylSd,60,Somerst,7,Gd,Gd,2,7,RFn,2,2005,2005,2008,226700
MetalSd,20,Edwards,5,TA,Ex,1,6,Unf,2,1965,1965,2007,140000
BrkFace,20,Crawfor,7,TA,TA,2,6,Fin,2,1959,1959,2010,289000
Plywood,160,NPkVill,6,TA,TA,2,6,Unf,2,1974,1974,2009,147000
Wd Sdng,90,OldTown,5,TA,Gd,2,10,Unf,2,1952,1952,2009,124500
VinylSd,60,SawyerW,8,Gd,Ex,2,8,RFn,2,1993,1993,2006,215000
VinylSd,20,Somerst,6,Gd,Ex,2,4,Fin,2,2009,2009,2009,208300
MetalSd,70,OldTown,7,TA,Ex,2,7,Unf,2,1928,1928,2008,161000
MetalSd,20,NAmes,5,TA,Ex,1,6,RFn,1,1959,1959,2009,124500
Wd Sdng,20,NAmes,5,TA,Ex,1,6,Unf,1,1951,1951,2009,164900
VinylSd,120,NridgHt,7,Gd,Ex,2,6,RFn,2,2005,2005,2006,202665
VinylSd,20,NAmes,5,TA,TA,1,5,Unf,2,1958,1964,2006,129900
VinylSd,20,Mitchel,6,TA,TA,1,5,Unf,2,1983,1983,2007,134000
Wd Sdng,45,Crawfor,5,TA,Fa,1,5,Unf,1,1926,1926,2007,96500
CemntBd,20,NridgHt,10,Ex,Ex,2,9,Fin,3,2009,2009,2009,402861
HdBoard,80,NWAmes,6,TA,TA,2,7,RFn,2,1972,1972,2009,158000
VinylSd,60,NoRidge,7,Gd,Ex,2,7,RFn,3,1996,1996,2009,265000
VinylSd,60,CollgCr,6,Gd,Ex,2,7,RFn,2,1998,1998,2007,211000
MetalSd,70,Crawfor,7,Gd,Ex,1,9,Unf,1,1926,1926,2009,234000
MetalSd,190,OldTown,4,NA,TA,2,7,NA,0,1900,NA,2008,106250
VinylSd,20,NAmes,6,TA,Ex,1,6,Unf,1,1957,1957,2007,150000
CemntBd,50,BrkSide,6,TA,Ex,2,7,Unf,2,1947,1950,2006,159000
CemntBd,60,Edwards,10,Ex,Ex,3,11,Fin,3,2007,2007,2007,184750
VinylSd,60,NoRidge,7,Gd,Ex,2,8,Fin,3,1996,1996,2007,315750
VinylSd,20,Somerst,7,Gd,Ex,2,6,Unf,2,2005,2005,2006,176000
Wd Sdng,20,NAmes,5,Gd,TA,1,4,Unf,1,1956,1956,2007,132000
VinylSd,60,NridgHt,9,Ex,Ex,2,11,Fin,3,2008,2008,2008,446261
Wd Sdng,30,Edwards,4,TA,Ex,1,5,NA,0,1920,NA,2007,86000
Wd Sdng,20,Crawfor,6,TA,TA,3,9,RFn,2,1957,1975,2007,200624
HdBoard,80,Timber,6,Gd,Ex,2,5,RFn,2,1988,1988,2008,175000
Wd Sdng,70,BrkSide,6,Fa,Ex,2,6,Fin,2,1920,1920,2008,128000
VinylSd,20,NAmes,5,NA,Ex,1,5,Unf,1,1955,1967,2010,107500
VinylSd,20,BrkSide,1,NA,Fa,1,2,NA,0,1946,NA,2007,39300
VinylSd,60,Gilbert,8,Ex,Ex,2,6,Fin,2,2004,2004,2006,178000
MetalSd,190,Edwards,5,Gd,TA,1,5,NA,0,1910,NA,2008,107500
VinylSd,60,CollgCr,7,Gd,Ex,2,8,Fin,2,1998,1998,2008,188000
MetalSd,20,NAmes,4,TA,TA,1,5,Unf,2,1972,1980,2008,111250
Plywood,20,Sawyer,5,TA,TA,1,7,Unf,1,1968,1968,2006,158000
VinylSd,20,CollgCr,8,Gd,Ex,2,6,RFn,2,2001,2001,2010,272000
VinylSd,20,Timber,9,Ex,Ex,2,8,Fin,3,2006,2006,2009,315000
VinylSd,60,NoRidge,8,Gd,Ex,2,8,Fin,3,2000,2000,2007,248000
VinylSd,20,NWAmes,7,Ex,Ex,2,7,Fin,2,1998,1998,2009,213250
MetalSd,120,NAmes,7,Gd,Ex,1,4,Fin,1,1998,1998,2007,133000
VinylSd,60,Gilbert,7,Gd,Ex,2,7,RFn,2,2006,2006,2006,179665
HdBoard,50,NWAmes,7,Gd,Gd,2,9,Unf,3,1988,1988,2006,229000
BrkFace,50,BrkSide,6,Gd,Ex,1,6,Unf,2,1923,1950,2007,210000
VinylSd,85,Mitchel,5,Gd,Ex,1,5,Unf,2,1970,1987,2007,129500
MetalSd,20,OldTown,5,TA,TA,1,4,RFn,2,1955,1963,2008,125000
VinylSd,60,Somerst,7,Gd,Ex,2,8,Fin,2,2003,2003,2009,263000
Plywood,120,NPkVill,6,Gd,TA,2,4,RFn,2,1977,1977,2008,140000
BrkFace,20,OldTown,5,TA,Gd,1,5,Fin,1,1957,1957,2008,112500
VinylSd,20,NridgHt,8,Ex,Ex,2,7,RFn,3,2006,2006,2009,255500
VinylSd,20,Edwards,4,NA,Ex,2,5,Fin,2,1949,2002,2009,108000
VinylSd,60,NridgHt,7,Gd,Ex,2,8,RFn,3,2003,2003,2008,284000
MetalSd,45,BrkSide,5,TA,TA,1,5,Unf,1,1922,1922,2006,113000
Wd Sdng,20,NAmes,5,TA,TA,1,6,Fin,1,1957,1957,2006,141000
MetalSd,50,IDOTRR,4,TA,Gd,1,7,Unf,1,1920,1994,2006,108000
HdBoard,60,Gilbert,7,Gd,Ex,2,6,Unf,2,1996,1996,2008,175000
VinylSd,120,Blmngtn,7,Gd,Ex,2,7,Fin,2,2003,2003,2006,234000
Wd Sdng,20,Sawyer,5,Gd,TA,1,5,Unf,2,1957,1957,2010,121500
HdBoard,20,Mitchel,5,Gd,Gd,1,6,RFn,2,1974,1975,2006,170000
WdShing,30,Edwards,5,TA,Ex,1,6,NA,0,1940,NA,2008,108000
Wd Sdng,50,Edwards,6,Gd,Ex,2,8,Fin,2,1918,1955,2008,185000
HdBoard,60,NoRidge,7,Gd,Ex,2,9,RFn,2,1992,1992,2006,268000
Wd Sdng,70,SWISU,6,Gd,TA,1,6,Unf,1,1915,1920,2010,128000
VinylSd,60,StoneBr,9,Gd,Ex,2,11,Fin,3,2005,2005,2008,325000
VinylSd,20,NridgHt,7,Gd,Ex,2,7,RFn,2,2004,2004,2010,214000
Wd Sdng,50,SawyerW,8,Gd,Ex,1,5,Fin,2,1983,1983,2009,316600
MetalSd,90,NAmes,5,Gd,TA,1,4,Unf,2,1979,1979,2006,135960
HdBoard,90,NAmes,5,TA,TA,2,10,Unf,2,1965,1987,2008,142600
WdShing,20,NAmes,6,TA,Ex,1,4,Unf,1,1959,1959,2006,120000
VinylSd,60,Timber,7,Ex,Gd,2,6,RFn,2,2009,2009,2009,224500
VinylSd,80,Gilbert,7,Gd,Ex,2,8,RFn,2,2000,2000,2007,170000
MetalSd,80,NAmes,5,TA,TA,1,5,Unf,1,1971,1971,2007,139000
MetalSd,50,NAmes,5,TA,TA,1,6,Unf,1,1947,1947,2008,118500
Wd Sdng,50,SWISU,7,TA,Gd,2,6,Unf,1,1928,1928,2009,145000
VinylSd,80,Sawyer,5,TA,Ex,1,6,RFn,2,1966,1966,2006,164500
VinylSd,160,Somerst,7,Gd,Ex,2,5,Unf,2,2007,2007,2008,146000
MetalSd,50,OldTown,5,TA,Ex,2,7,Unf,1,1954,1954,2008,131500
Wd Sdng,20,NAmes,6,TA,Ex,1,7,Unf,2,1960,1960,2007,181900
VinylSd,20,NridgHt,8,Ex,Ex,2,8,RFn,3,2008,2009,2009,253293
HdBoard,90,Edwards,6,Gd,TA,1,5,NA,0,1990,NA,2007,118500
Wd Sdng,75,OldTown,10,TA,Gd,3,9,Unf,2,1893,1988,2008,325000
AsbShng,50,BrkSide,4,TA,Ex,1,6,Unf,1,1935,1935,2009,133000
VinylSd,20,Timber,8,Ex,Ex,2,7,RFn,3,2005,2005,2006,369900
Stucco,30,BrkSide,6,TA,Ex,1,5,Fin,1,1918,1961,2008,130000
HdBoard,85,Sawyer,5,TA,TA,1,4,Unf,2,1982,1996,2009,137000
Wd Sdng,20,ClearCr,5,TA,Ex,1,5,Unf,1,1968,1968,2009,143000
VinylSd,40,BrkSide,5,TA,TA,1,4,Unf,1,1930,1988,2008,79500
VinylSd,60,CollgCr,7,Gd,Ex,2,6,RFn,2,2004,2004,2008,185900
CemntBd,60,NridgHt,10,Ex,Ex,2,10,RFn,3,2008,2008,2009,451950
HdBoard,20,Mitchel,5,TA,Ex,1,4,Fin,2,1982,1985,2008,138000
VinylSd,120,CollgCr,6,Gd,Ex,1,4,Fin,2,2003,2003,2009,140000
HdBoard,20,CollgCr,5,Gd,TA,1,5,Unf,1,1975,1981,2008,110000
VinylSd,20,StoneBr,8,Gd,Ex,2,7,Fin,3,2005,2005,2006,319000
VinylSd,70,OldTown,6,TA,Ex,1,7,Unf,1,1910,1930,2006,114504
VinylSd,120,Blmngtn,7,Ex,Ex,0,7,Fin,3,2006,2006,2007,194201
Plywood,20,Crawfor,5,Gd,Ex,2,7,Fin,2,1977,1977,2006,217500
MetalSd,160,Blueste,6,Gd,TA,2,6,Fin,2,1980,1980,2008,151000
VinylSd,60,NridgHt,8,Gd,Ex,2,8,Fin,2,2005,2003,2006,275000
Wd Sdng,50,IDOTRR,6,TA,TA,1,6,Unf,1,1937,1979,2007,141000
HdBoard,60,SawyerW,8,Gd,Ex,2,8,Fin,2,1992,1992,2006,220000
MetalSd,160,Somerst,7,Gd,Ex,2,4,RFn,2,2004,2004,2010,151000
VinylSd,20,CollgCr,7,Gd,Ex,2,6,RFn,2,2002,2002,2008,221000
HdBoard,60,NAmes,7,TA,TA,2,7,Unf,2,1965,1965,2009,205000
VinylSd,20,CollgCr,5,Gd,Gd,1,6,Unf,2,1996,2000,2009,152000
MetalSd,20,Edwards,5,TA,Ex,3,8,Unf,1,1948,1948,2006,225000
BrkFace,70,Crawfor,8,Gd,TA,2,10,Unf,2,1934,1934,2007,359100
VinylSd,20,Sawyer,4,TA,Gd,1,5,Unf,1,1961,1961,2007,118500
VinylSd,60,CollgCr,9,Ex,Ex,2,8,Fin,3,2000,2000,2009,313000
HdBoard,80,NWAmes,6,Gd,TA,2,6,Unf,2,1978,1978,2007,148000
VinylSd,60,CollgCr,8,Gd,Ex,2,7,RFn,2,2001,2001,2009,261500
VinylSd,20,Mitchel,5,Gd,Ex,1,6,NA,0,2007,NA,2007,147000
CemntBd,180,MeadowV,4,Gd,Ex,1,3,NA,0,1972,NA,2010,75500
MetalSd,85,NAmes,6,TA,Ex,1,6,RFn,2,1963,1963,2010,137500
VinylSd,60,Gilbert,6,Gd,Ex,2,7,Fin,2,2002,2002,2006,183200
MetalSd,45,NAmes,6,TA,Gd,1,4,Unf,2,1954,1962,2008,105500
CemntBd,20,NridgHt,9,Ex,Ex,2,9,Unf,3,2007,2007,2007,314813
VinylSd,60,Timber,8,Gd,Ex,2,10,Fin,3,2003,2003,2008,305000
Stucco,30,Edwards,3,TA,TA,1,5,NA,0,1914,NA,2008,67000
HdBoard,60,NWAmes,6,TA,TA,2,9,RFn,2,1974,1974,2008,240000
Plywood,20,Sawyer,5,TA,TA,1,6,Unf,2,1977,1986,2009,135000
MetalSd,160,Somerst,6,Gd,Ex,2,4,Unf,2,2000,2000,2007,168500
VinylSd,60,NWAmes,6,TA,Gd,1,8,RFn,2,1972,1972,2006,165150
Wd Sdng,20,NAmes,6,TA,TA,1,5,Unf,2,1962,1962,2010,160000
Wd Sdng,20,NAmes,5,TA,TA,1,6,RFn,1,1960,1960,2007,139900
AsbShng,80,NAmes,6,TA,Ex,1,7,RFn,1,1955,1955,2010,153000
Plywood,60,NAmes,5,Gd,TA,1,9,Unf,2,1969,1969,2007,135000
Plywood,80,NAmes,6,TA,TA,1,6,RFn,2,1964,1964,2008,168500
VinylSd,70,OldTown,5,Fa,TA,1,8,Unf,1,1880,1937,2006,124000
VinylSd,120,NridgHt,8,Gd,Ex,2,6,RFn,2,2006,2006,2007,209500
Plywood,20,NWAmes,7,TA,TA,2,6,Fin,2,1977,1977,2009,82500
Wd Sdng,20,NAmes,5,TA,TA,1,6,Unf,1,1954,1954,2007,139400
Plywood,90,OldTown,6,TA,Gd,0,4,Unf,2,1980,1980,2010,144000
VinylSd,190,SWISU,6,TA,Ex,2,14,NA,0,1914,NA,2007,200000
AsbShng,30,BrkSide,2,TA,Fa,1,4,NA,0,1936,NA,2009,60000
Wd Sdng,190,OldTown,5,TA,TA,2,7,Unf,1,1954,1954,2009,93000
MetalSd,30,Edwards,5,Fa,Gd,1,4,NA,0,1910,NA,2008,85000
VinylSd,120,Blmngtn,8,Gd,Ex,2,7,Fin,3,2006,2006,2006,264561
MetalSd,120,NridgHt,8,Ex,Ex,1,6,RFn,2,2003,2003,2008,274000
VinylSd,60,Somerst,7,Gd,Ex,2,7,Fin,2,2001,2001,2007,226000
Plywood,80,NAmes,8,Gd,Gd,2,9,Fin,2,1972,1972,2009,345000
WdShing,60,NWAmes,5,TA,Ex,2,7,Fin,2,1969,1969,2007,152000
CemntBd,20,Somerst,9,Ex,Ex,2,7,Fin,3,2009,2009,2009,370878
Plywood,20,NAmes,6,TA,TA,1,5,Unf,2,1971,1979,2007,143250
MetalSd,20,NAmes,5,NA,Gd,1,7,Unf,2,1950,1950,2008,98300
Wd Sdng,20,Edwards,6,TA,Ex,1,5,RFn,2,1953,1953,2008,155000
MetalSd,60,NAmes,6,TA,TA,1,7,Unf,2,1966,1966,2010,155000
CemntBd,180,MeadowV,4,Gd,Gd,1,3,NA,0,1970,NA,2007,84500
CemntBd,60,Somerst,7,Gd,Ex,2,7,RFn,2,2007,2007,2008,205950
MetalSd,70,Edwards,4,TA,TA,1,7,Unf,1,1940,1940,2009,108000
VinylSd,60,CollgCr,7,Gd,Ex,2,7,RFn,2,1996,1996,2009,191000
MetalSd,50,IDOTRR,6,TA,Ex,1,7,Unf,1,1906,1906,2008,135000
MetalSd,20,NoRidge,8,Gd,Ex,2,7,Fin,3,1995,1995,2008,350000
HdBoard,160,BrDale,6,TA,TA,1,6,Unf,1,1971,1971,2010,88000
HdBoard,20,NAmes,5,TA,Ex,1,5,RFn,1,1959,1959,2008,145500
Stucco,70,Crawfor,7,Gd,TA,1,6,RFn,1,1931,1931,2008,149000
VinylSd,50,NAmes,6,TA,TA,1,6,Unf,1,1948,1948,2010,97500
MetalSd,20,Edwards,5,TA,Ex,1,7,Fin,2,1964,1968,2009,167000
Plywood,60,NWAmes,7,Gd,TA,2,7,RFn,2,1976,1976,2007,197900
VinylSd,60,NoRidge,8,Gd,Ex,2,8,RFn,3,1994,1994,2009,402000
Wd Sdng,20,NAmes,6,Fa,Gd,1,5,RFn,2,1968,1968,2009,110000
Plywood,85,Edwards,4,Gd,TA,2,6,RFn,2,1972,1974,2008,137500
VinylSd,20,Somerst,8,Ex,Ex,1,8,Fin,3,2005,2005,2006,423000
VinylSd,60,Gilbert,8,Gd,Ex,2,7,RFn,2,2000,2000,2006,230500
Plywood,60,NAmes,6,Gd,TA,2,7,Unf,2,1965,1965,2007,129000
HdBoard,20,SawyerW,6,Gd,Ex,2,7,RFn,2,1994,1994,2008,193500
CemntBd,20,Sawyer,5,TA,Gd,1,6,Unf,2,1956,1999,2006,168000
MetalSd,30,Crawfor,4,Fa,Ex,1,5,Unf,1,1922,1922,2006,137500
VinylSd,60,CollgCr,6,Gd,Ex,2,7,Fin,2,2005,2005,2009,173500
Wd Sdng,70,Edwards,6,TA,TA,2,6,Unf,1,1925,1930,2009,103600
Plywood,20,Veenker,6,Gd,TA,1,6,RFn,2,1977,1977,2006,165000
CemntBd,20,Crawfor,6,TA,Ex,2,7,Fin,2,1957,1957,2007,257500
HdBoard,20,NAmes,6,TA,TA,1,5,RFn,1,1965,1965,2008,140000
Plywood,160,NPkVill,6,TA,TA,2,7,Unf,2,1978,1978,2009,148500
AsbShng,70,OldTown,4,TA,Fa,2,8,Unf,3,1900,1920,2006,87000
VinylSd,30,OldTown,5,TA,Ex,1,5,Unf,1,1924,1924,2009,109500
VinylSd,20,StoneBr,8,Ex,Ex,2,7,Fin,3,2008,2008,2009,372500
Wd Sdng,20,Sawyer,5,TA,TA,1,5,Unf,2,1961,1963,2007,128500
Plywood,120,SawyerW,6,Gd,TA,2,5,RFn,1,1980,1980,2010,143000
VinylSd,50,SWISU,5,TA,Ex,1,6,Unf,1,1932,1968,2009,159434
Wd Sdng,120,ClearCr,6,Gd,Ex,1,6,Unf,2,1996,1996,2008,173000
VinylSd,20,CollgCr,9,Gd,Ex,2,7,Fin,3,2002,2002,2007,285000
VinylSd,60,NoRidge,7,Gd,Gd,2,7,Fin,2,1998,1998,2010,221000
HdBoard,160,StoneBr,7,Gd,Gd,2,6,Fin,2,1984,1984,2007,207500
VinylSd,60,Somerst,7,Gd,Ex,3,7,Fin,2,2007,2007,2007,227875
MetalSd,160,Somerst,7,Gd,Ex,2,4,Unf,2,2004,2004,2007,148800
MetalSd,20,StoneBr,8,Gd,Ex,2,7,RFn,2,2007,2007,2007,392000
VinylSd,120,NridgHt,6,Gd,Ex,2,6,RFn,2,2005,2005,2007,194700
VinylSd,120,CollgCr,6,Gd,Ex,1,3,RFn,2,2004,2004,2008,141000
HdBoard,60,NoRidge,10,Ex,Ex,3,10,Fin,3,1994,1994,2007,755000
MetalSd,60,Timber,7,Gd,Ex,2,9,RFn,2,1989,1989,2006,335000
MetalSd,30,OldTown,5,TA,Ex,1,4,Unf,1,1921,1968,2006,108480
Wd Sdng,50,BrkSide,5,TA,TA,1,5,Unf,2,1936,1995,2009,141500
HdBoard,20,Timber,6,Gd,Gd,2,5,Unf,2,1987,1987,2006,176000
Wd Sdng,30,BrkSide,5,TA,Gd,1,4,Unf,1,1921,1921,2006,89000
Wd Sdng,20,Edwards,5,Ex,Fa,1,6,Unf,1,1952,1952,2006,123500
MetalSd,20,Sawyer,5,TA,Ex,1,5,Unf,1,1965,1973,2010,138500
MetalSd,120,Somerst,7,Gd,Ex,2,5,RFn,2,2004,2004,2008,196000
VinylSd,20,Timber,8,Ex,Ex,2,7,Fin,3,2002,2002,2006,312500
HdBoard,20,NWAmes,7,TA,TA,1,6,Unf,2,1969,1969,2006,140000
VinylSd,60,StoneBr,8,Ex,Ex,2,10,Fin,3,2006,2006,2006,361919
Wd Sdng,190,OldTown,5,Gd,Gd,2,8,Unf,2,1900,1999,2010,140000
VinylSd,20,CollgCr,7,Gd,Ex,2,7,RFn,2,2004,2004,2010,213000
VinylSd,190,IDOTRR,4,NA,Fa,2,7,NA,0,1930,NA,2010,55000
Plywood,20,ClearCr,7,Gd,TA,2,5,Unf,2,1971,1971,2007,302000
MetalSd,120,NridgHt,8,Gd,Ex,2,6,Fin,2,2006,2006,2009,254000
VinylSd,60,Gilbert,7,Gd,Ex,2,8,Fin,2,2007,2007,2007,179540
HdBoard,20,Sawyer,5,TA,TA,1,6,Unf,1,1966,1966,2008,109900
VinylSd,30,BrkSide,3,TA,Gd,1,5,NA,0,1935,NA,2008,52000
MetalSd,50,IDOTRR,4,TA,Gd,1,7,RFn,1,1900,1964,2010,102776
HdBoard,120,StoneBr,8,Gd,Gd,2,5,Fin,2,1988,1988,2008,189000
HdBoard,190,BrkSide,4,TA,TA,1,6,Unf,2,1970,1970,2006,129000
HdBoard,60,Sawyer,6,TA,Ex,2,6,RFn,2,1976,1976,2010,130500
HdBoard,20,NWAmes,6,Gd,TA,2,7,RFn,2,1974,1974,2009,165000
Wd Sdng,70,OldTown,7,TA,Ex,1,8,Unf,2,1890,1996,2007,159500
HdBoard,20,NWAmes,5,Gd,Gd,1,5,Unf,2,1973,1973,2008,157000
Wd Sdng,60,NoRidge,7,Gd,Ex,2,9,RFn,3,1993,1993,2008,341000
HdBoard,20,CollgCr,5,Gd,TA,1,5,Unf,1,1969,1969,2006,128500
HdBoard,120,StoneBr,8,Gd,TA,2,5,RFn,2,1985,1985,2006,275000
VinylSd,120,CollgCr,6,Gd,Ex,1,3,RFn,2,2004,2004,2010,143000
MetalSd,20,NAmes,4,TA,Ex,1,5,Unf,2,1970,1994,2009,124500
MetalSd,50,Edwards,4,TA,Ex,2,7,Unf,1,1954,1958,2008,135000
CemntBd,20,Edwards,9,Ex,Ex,2,8,Fin,3,2007,2007,2009,320000
HdBoard,20,NAmes,4,TA,TA,1,5,Unf,2,1970,1989,2009,120500
Wd Sdng,20,Crawfor,6,Gd,Ex,2,5,Fin,2,1988,1988,2009,222000
VinylSd,20,CollgCr,7,Gd,Ex,2,6,RFn,2,2007,2007,2009,194500
VinylSd,90,NAmes,5,TA,TA,2,9,Unf,3,1958,1968,2009,110000
MetalSd,30,IDOTRR,4,TA,TA,1,5,Unf,2,1925,1962,2009,103000
CemntBd,120,StoneBr,8,Gd,Ex,2,5,RFn,2,1995,1995,2010,236500
VinylSd,80,Timber,7,Ex,Ex,2,6,Fin,2,2003,2003,2007,187500
VinylSd,60,CollgCr,7,Gd,Ex,2,8,Fin,2,1998,1998,2008,222500
HdBoard,20,Sawyer,5,TA,Ex,1,6,RFn,1,1961,1961,2009,131400
Plywood,20,Sawyer,5,TA,TA,1,6,Unf,1,1968,1968,2007,108000
Wd Sdng,75,OldTown,7,Gd,Fa,1,6,Unf,2,1914,1914,2006,163000
Stucco,90,NAmes,3,NA,Gd,2,6,Unf,2,1950,1949,2006,93500
VinylSd,60,Gilbert,8,Gd,Ex,2,8,Fin,3,2005,2005,2006,239900
Plywood,90,Edwards,5,Gd,TA,3,5,NA,0,1987,NA,2009,179000
VinylSd,60,CollgCr,7,Gd,Ex,2,7,RFn,2,2004,2004,2009,190000
Wd Sdng,70,OldTown,5,Fa,Ex,2,7,Unf,2,1910,1910,2007,132000
HdBoard,20,Sawyer,6,TA,Gd,1,5,Unf,1,1961,1962,2008,142000
VinylSd,20,SawyerW,7,Gd,Ex,2,6,Unf,2,2000,2000,2007,179000
HdBoard,80,Sawyer,5,Gd,Ex,2,6,RFn,2,1963,1997,2009,175000
HdBoard,120,StoneBr,8,Gd,Gd,2,5,RFn,2,1993,1993,2008,180000
VinylSd,60,NWAmes,8,TA,Ex,3,11,Fin,2,1976,1994,2008,299800
VinylSd,60,Gilbert,7,Gd,Ex,2,8,Fin,2,2000,2000,2009,236000
Stucco,70,OldTown,7,TA,TA,1,8,Unf,4,1880,1950,2009,265979
VinylSd,20,NoRidge,7,Gd,Ex,2,7,Fin,2,1996,1996,2010,260400
WdShing,50,Edwards,4,NA,TA,2,9,Unf,1,1945,1945,2009,98000
Wd Sdng,50,OldTown,4,TA,Gd,1,7,NA,0,1910,NA,2010,96500
VinylSd,60,Gilbert,7,Gd,Ex,2,6,Fin,2,2003,2003,2007,162000
VinylSd,20,CollgCr,6,Gd,Ex,2,6,RFn,2,1997,1997,2006,217000
VinylSd,60,NridgHt,8,Gd,Gd,2,8,RFn,3,2005,2005,2006,275500
Plywood,20,NAmes,6,TA,Gd,1,5,RFn,2,1969,1969,2009,156000
MetalSd,160,Somerst,6,Gd,Gd,2,6,Unf,2,1999,1999,2009,172500
VinylSd,60,CollgCr,8,Gd,Ex,2,7,RFn,2,2007,2007,2009,212000
HdBoard,60,Sawyer,6,TA,TA,2,6,Fin,2,1978,1978,2010,158900
MetalSd,160,Somerst,7,Gd,Gd,2,6,Unf,2,1999,1999,2008,179400
VinylSd,60,NoRidge,8,Gd,Ex,2,9,RFn,3,1995,1995,2007,290000
Wd Sdng,20,NAmes,6,TA,Ex,1,5,Unf,1,1959,2008,2009,127500
Wd Sdng,30,BrkSide,5,TA,TA,1,5,Unf,2,1924,1965,2009,100000
VinylSd,60,Somerst,7,Gd,Ex,2,7,Unf,2,2009,2009,2010,215200
VinylSd,60,NoRidge,8,Gd,Ex,2,8,RFn,3,1999,1999,2009,337000
BrkFace,120,Veenker,8,Gd,Ex,1,6,Fin,2,1995,1995,2006,270000
VinylSd,20,Somerst,9,Gd,Ex,2,6,Fin,2,2008,2008,2008,264132
HdBoard,60,NWAmes,7,Gd,TA,2,7,Unf,2,1988,1988,2010,196500
VinylSd,50,Mitchel,6,Gd,Ex,2,7,Unf,1,1940,1989,2008,160000
VinylSd,20,CollgCr,7,Gd,Ex,2,8,Fin,2,2004,2004,2006,216837
CemntBd,60,StoneBr,8,Gd,Ex,3,12,Fin,3,2003,2003,2010,538000
Wd Sdng,85,Sawyer,5,Gd,TA,1,5,Unf,2,1982,1983,2009,134900
Wd Sdng,20,Edwards,4,Fa,TA,1,6,Unf,2,1951,1951,2006,102000
Plywood,80,Edwards,6,TA,TA,1,6,Unf,2,1976,1976,2010,107000
Wd Sdng,20,NAmes,5,TA,Ex,1,5,RFn,1,1958,1958,2007,114500
VinylSd,20,NridgHt,8,Gd,Gd,2,9,Fin,3,2006,2006,2007,395000
VinylSd,120,Mitchel,6,Ex,Ex,2,5,Fin,2,1998,1998,2009,162000
VinylSd,20,CollgCr,7,Gd,Ex,2,7,RFn,3,2005,2005,2006,221500
HdBoard,20,Sawyer,5,TA,TA,1,5,Unf,2,1974,1974,2006,142500
Plywood,90,SawyerW,5,NA,TA,2,10,Unf,2,1977,1977,2007,144000
Plywood,90,Mitchel,6,Gd,TA,1,4,Unf,2,1977,1977,2006,135000
HdBoard,20,Gilbert,7,Gd,Gd,2,6,Fin,2,1995,1995,2007,176000
VinylSd,60,SawyerW,6,Gd,Ex,2,7,RFn,2,1992,1992,2006,175900
VinylSd,20,CollgCr,7,Gd,Ex,2,6,RFn,2,2001,2001,2009,187100
Plywood,85,Mitchel,5,Gd,Ex,1,4,Fin,2,1978,1978,2009,165500
Wd Sdng,75,OldTown,6,TA,Ex,2,9,NA,0,1914,NA,2008,128000
BrkFace,20,NWAmes,6,TA,TA,2,7,Unf,2,1967,1967,2009,161500
MetalSd,50,OldTown,5,Fa,TA,2,7,Unf,1,1915,1961,2010,139000
VinylSd,60,SawyerW,7,Gd,Ex,2,8,RFn,2,2004,2004,2010,233000
MetalSd,20,OldTown,4,TA,Ex,1,4,Unf,1,1954,1954,2008,107900
HdBoard,60,ClearCr,6,TA,Gd,2,9,Fin,2,1966,1966,2007,187500
VinylSd,120,Blmngtn,7,Gd,Ex,2,5,Fin,2,2005,2005,2009,160200
HdBoard,80,Mitchel,6,Gd,TA,1,5,RFn,2,1976,1976,2007,146800
MetalSd,60,NoRidge,7,Gd,Ex,2,8,Unf,2,1996,1997,2007,269790
CemntBd,20,Somerst,8,Gd,Ex,2,7,Fin,2,2007,2007,2007,225000
MetalSd,60,Gilbert,7,Gd,Ex,2,7,Fin,2,1994,1994,2008,194500
HdBoard,60,SawyerW,6,Gd,TA,2,7,Unf,2,1980,1980,2010,171000
Plywood,20,Sawyer,6,TA,Ex,1,7,RFn,2,1977,1977,2007,143500
VinylSd,20,NAmes,5,TA,Gd,1,4,Unf,1,1953,1953,2008,110000
VinylSd,60,NridgHt,9,Ex,Ex,3,11,Fin,3,2008,2009,2009,485000
Wd Sdng,50,SWISU,5,Gd,Ex,1,7,Unf,1,1937,1939,2007,175000
VinylSd,60,ClearCr,6,Gd,Gd,2,8,RFn,2,1997,1997,2008,200000
MetalSd,30,IDOTRR,4,TA,Ex,1,5,Unf,2,1916,1957,2007,109900
WdShing,60,CollgCr,7,Gd,Ex,2,7,Fin,2,2005,2005,2008,189000
VinylSd,60,NridgHt,9,Ex,Ex,3,12,RFn,3,2008,2009,2009,582933
Wd Sdng,20,NAmes,5,TA,TA,1,5,Unf,1,1954,1954,2006,118000
VinylSd,20,Somerst,7,Gd,Ex,2,6,RFn,2,2008,2008,2008,227680
VinylSd,80,NAmes,5,TA,Gd,2,6,Fin,1,1967,1967,2006,135500
Wd Sdng,70,BrkSide,5,TA,Ex,1,6,RFn,2,1923,1923,2009,223500
VinylSd,80,NAmes,5,TA,TA,1,6,RFn,2,1966,1966,2006,159950
AsbShng,75,OldTown,5,TA,TA,2,11,Unf,2,1898,1910,2009,106000
HdBoard,20,NWAmes,6,TA,Fa,1,5,RFn,2,1974,1974,2006,181000
VinylSd,120,CollgCr,6,Gd,Ex,1,4,Fin,2,2004,2004,2008,144500
Wd Sdng,20,IDOTRR,5,TA,TA,1,4,Unf,2,1952,1952,2010,55993
MetalSd,20,NAmes,6,TA,Gd,1,7,RFn,1,1958,1958,2007,157900
Stucco,50,Edwards,5,TA,Gd,1,7,Unf,1,1918,1955,2006,116000
VinylSd,20,CollgCr,7,Gd,Ex,2,6,RFn,2,1998,1998,2010,224900
BrkFace,20,NAmes,5,TA,Gd,1,4,RFn,1,1954,1954,2006,137000
CemntBd,20,Mitchel,8,Gd,Ex,2,7,RFn,3,2002,2002,2008,271000
HdBoard,80,ClearCr,6,TA,Gd,1,6,Unf,2,1971,1971,2010,155000
VinylSd,120,NridgHt,7,Gd,Ex,2,6,RFn,2,2009,2010,2010,224000
VinylSd,60,CollgCr,7,Gd,Ex,2,6,RFn,2,2003,2003,2008,183000
MetalSd,20,OldTown,4,Fa,TA,1,4,Unf,2,1953,1974,2009,93000
VinylSd,60,Gilbert,7,Gd,Ex,2,7,Fin,2,2003,2003,2007,225000
VinylSd,50,SWISU,6,TA,TA,2,7,Unf,1,1940,1940,2009,139500
VinylSd,20,Somerst,8,Gd,Ex,2,7,RFn,2,2006,2006,2006,232600
CemntBd,20,NridgHt,10,Ex,Ex,2,7,Fin,3,2007,2007,2008,385000
MetalSd,45,BrkSide,5,TA,Gd,1,5,NA,0,1924,NA,2008,109500
VinylSd,20,SawyerW,7,Gd,Ex,2,6,RFn,2,2001,2001,2009,189000
Plywood,60,ClearCr,5,TA,TA,2,7,Fin,2,1967,1967,2009,185000
MetalSd,160,Somerst,7,Gd,Ex,2,4,RFn,2,2005,2005,2006,147400
HdBoard,20,NAmes,6,TA,TA,1,6,RFn,2,1957,1957,2008,166000
MetalSd,160,Somerst,7,Gd,Ex,2,4,RFn,2,2005,2005,2006,151000
VinylSd,60,CollgCr,7,Gd,Ex,2,7,RFn,2,2003,2003,2010,237000
HdBoard,20,NAmes,6,TA,TA,1,6,RFn,2,1964,1964,2009,167000
VinylSd,20,NAmes,5,TA,Gd,1,6,Unf,2,1961,1961,2008,139950
VinylSd,20,Sawyer,4,Gd,TA,2,4,Unf,2,1950,1996,2010,128000
VinylSd,30,OldTown,5,TA,Gd,1,5,Unf,2,1948,1948,2007,153500
HdBoard,160,BrDale,6,TA,TA,1,5,Unf,1,1973,1973,2008,100000
VinylSd,20,CollgCr,5,Gd,Ex,1,6,Unf,1,1995,1999,2008,144000
MetalSd,50,Edwards,5,TA,Ex,1,6,Unf,1,1946,1946,2008,130500
Wd Sdng,70,SWISU,6,TA,TA,2,7,Unf,1,1925,1934,2008,140000
MetalSd,70,OldTown,5,TA,Gd,2,8,Unf,2,1904,1983,2008,157500
HdBoard,80,NAmes,6,TA,TA,1,6,RFn,2,1966,1966,2008,174900
BrkFace,90,NAmes,5,TA,Ex,2,10,NA,0,1961,NA,2007,141000
Wd Sdng,50,OldTown,5,TA,Gd,1,7,Unf,3,1915,1949,2008,153900
HdBoard,85,Sawyer,5,Gd,TA,2,6,Fin,2,1975,1975,2007,171000
HdBoard,60,SawyerW,7,Gd,Ex,2,7,Unf,2,1993,1993,2009,213000
HdBoard,20,CollgCr,5,TA,Ex,1,5,Unf,1,1972,1972,2009,133500
Wd Sdng,50,ClearCr,6,TA,TA,3,10,Unf,2,1908,1908,2008,240000
Plywood,80,Veenker,6,TA,Ex,2,7,RFn,2,1976,1976,2007,187000
VinylSd,120,CollgCr,6,Gd,Ex,1,3,Fin,2,2003,2003,2007,131500
VinylSd,120,Blmngtn,8,Gd,Ex,2,7,Fin,2,2003,2003,2006,215000
MetalSd,75,Crawfor,7,TA,Gd,2,7,Unf,1,1941,1941,2007,164000
MetalSd,80,NAmes,6,TA,TA,1,7,RFn,2,1964,1964,2009,158000
Wd Sdng,20,Sawyer,5,TA,TA,1,6,Unf,2,1955,1955,2006,170000
HdBoard,20,Sawyer,5,TA,Ex,1,6,Unf,1,1962,1962,2010,127000
Plywood,80,CollgCr,6,Gd,TA,1,5,Unf,2,1978,1981,2008,147000
HdBoard,60,Gilbert,6,Gd,Gd,2,6,Fin,2,1994,1994,2009,174000
HdBoard,20,NWAmes,7,Gd,TA,2,6,RFn,2,1976,1976,2009,152000
HdBoard,60,NWAmes,6,TA,TA,2,9,Unf,2,1968,1968,2006,250000
Wd Sdng,50,Crawfor,7,TA,Gd,1,7,Unf,1,1918,1925,2007,189950
Plywood,190,Sawyer,5,TA,Ex,1,6,Unf,2,1965,1965,2010,131500
HdBoard,20,SawyerW,6,Gd,TA,2,6,Unf,2,1984,1986,2010,152000
BrkFace,20,NAmes,5,TA,TA,1,6,Unf,1,1959,1959,2009,132500
VinylSd,20,Somerst,7,Ex,Ex,2,6,Fin,2,2007,2008,2008,250580
MetalSd,20,NAmes,5,TA,TA,1,5,Unf,2,1970,1973,2009,148500
VinylSd,20,Timber,8,Gd,Ex,2,6,RFn,3,2006,2007,2007,248900
VinylSd,20,Sawyer,4,TA,TA,1,5,RFn,2,1961,1961,2007,129000
Plywood,60,Gilbert,5,NA,Gd,2,7,Unf,2,1948,1979,2006,169000
MetalSd,60,SawyerW,7,Gd,Ex,2,8,Fin,2,1993,1993,2010,236000
MetalSd,20,NAmes,5,TA,Gd,1,5,Unf,1,1962,1962,2009,109500
VinylSd,60,CollgCr,6,Gd,Ex,2,7,RFn,2,1998,1998,2010,200500
WdShing,20,NAmes,5,TA,Gd,1,5,Unf,2,1953,1953,2008,116000
HdBoard,40,NAmes,5,TA,Gd,1,6,Unf,1,1949,1949,2009,133000
Wd Sdng,50,OldTown,5,TA,Ex,1,5,Unf,1,1941,1941,2009,66500
CemntBd,60,Somerst,8,Gd,Ex,2,11,Fin,2,2007,2007,2007,303477
HdBoard,20,Mitchel,4,TA,Gd,1,5,Unf,2,1963,1963,2007,132250
VinylSd,60,NridgHt,9,Ex,Ex,2,10,Fin,3,2004,2004,2009,350000
HdBoard,85,Sawyer,5,TA,TA,1,6,Unf,2,1961,1987,2010,148000
VinylSd,20,CollgCr,5,TA,Ex,1,6,Unf,1,1978,1978,2009,136500
VinylSd,20,Edwards,5,Ex,Gd,1,5,Fin,2,2005,2005,2007,157000
HdBoard,50,Timber,7,Gd,Ex,2,7,RFn,2,1990,1990,2007,187500
VinylSd,60,Gilbert,6,Gd,Gd,2,7,RFn,2,1992,1993,2009,178000
Wd Sdng,75,SWISU,4,TA,TA,1,10,Unf,1,1912,1997,2006,118500
HdBoard,20,NAmes,5,TA,TA,1,5,RFn,1,1967,1967,2009,100000
MetalSd,120,Somerst,9,Ex,Ex,2,5,Fin,2,1999,1999,2008,328900
MetalSd,90,NAmes,5,TA,Ex,2,8,Fin,2,1959,2005,2006,145000
MetalSd,50,Edwards,5,TA,TA,1,8,Unf,1,1955,1955,2008,135500
Wd Sdng,20,NAmes,8,TA,Ex,2,8,Unf,2,1970,1970,2007,268000
Wd Sdng,20,NAmes,6,TA,Ex,1,6,RFn,2,1953,1953,2009,149500
MetalSd,50,NAmes,5,TA,Ex,1,6,Unf,2,1949,2003,2007,122900
HdBoard,60,Sawyer,6,TA,Gd,2,7,RFn,2,1978,1978,2009,172500
HdBoard,20,Sawyer,6,TA,TA,1,6,RFn,1,1963,1963,2006,154500
Wd Sdng,20,Sawyer,5,Gd,TA,1,6,Unf,1,1954,1954,2008,165000
Plywood,90,SawyerW,5,NA,TA,2,8,Unf,2,1979,1979,2009,118858
HdBoard,60,NAmes,6,TA,TA,1,8,RFn,2,1963,1963,2008,140000
Wd Sdng,30,IDOTRR,4,TA,Ex,1,6,Unf,1,1936,1936,2006,106500
Plywood,90,SawyerW,5,NA,TA,2,12,Unf,2,1979,1979,2009,142953
VinylSd,20,NridgHt,9,Ex,Ex,2,11,Fin,3,2009,2009,2010,611657
HdBoard,20,Sawyer,5,TA,TA,1,6,Unf,1,1961,1961,2006,135000
HdBoard,20,NAmes,4,TA,TA,1,4,Unf,1,1971,1979,2007,110000
MetalSd,20,NAmes,5,TA,TA,1,5,Unf,1,1957,1968,2009,153000
VinylSd,60,Gilbert,7,Gd,Ex,2,8,Fin,2,2003,2003,2006,180000
VinylSd,20,Gilbert,7,Gd,Ex,2,7,RFn,3,2006,2006,2006,240000
HdBoard,20,Sawyer,5,TA,TA,1,6,Unf,1,1967,1967,2007,125500
HdBoard,20,NAmes,5,TA,TA,1,6,RFn,1,1954,1954,2010,128000
VinylSd,20,Somerst,8,Gd,Ex,2,8,RFn,3,2006,2006,2007,255000
BrkFace,50,Crawfor,7,Gd,Gd,1,6,Fin,1,1936,1936,2006,250000
HdBoard,20,Mitchel,5,Gd,TA,1,5,Unf,2,1983,1983,2006,131000
VinylSd,60,Gilbert,6,Gd,Ex,2,8,Fin,2,2005,2005,2009,174000
MetalSd,90,NAmes,5,TA,TA,2,12,Unf,2,1960,1960,2010,154300
HdBoard,20,CollgCr,5,Gd,TA,1,5,Unf,1,1977,1978,2009,143500
MetalSd,30,BrkSide,5,TA,TA,1,6,Unf,1,1925,1925,2006,88000
MetalSd,90,Crawfor,5,TA,TA,2,8,Unf,3,1949,1949,2007,145000
VinylSd,160,Somerst,6,Gd,Ex,2,4,RFn,2,2009,2009,2009,173733
CemntBd,160,MeadowV,4,TA,Fa,1,6,Unf,1,1970,1970,2007,75000
AsbShng,20,IDOTRR,2,TA,TA,0,4,Unf,1,1949,1958,2006,35311
VinylSd,20,Edwards,4,TA,Ex,1,6,RFn,1,1956,1956,2009,135000
HdBoard,60,SawyerW,7,Ex,Ex,2,8,RFn,3,1991,1991,2007,238000
MetalSd,20,NAmes,6,Gd,Ex,1,6,Unf,2,1958,1990,2008,176500
HdBoard,60,SawyerW,6,Gd,Ex,2,7,RFn,2,1994,1994,2007,201000
MetalSd,90,Edwards,5,TA,Gd,2,9,NA,0,1900,NA,2008,145900
VinylSd,20,Gilbert,6,Gd,Ex,2,6,Fin,2,2005,2005,2006,169990
Plywood,120,SawyerW,6,Gd,Ex,2,5,RFn,2,1993,1993,2008,193000
Plywood,20,NWAmes,6,Gd,TA,2,7,Unf,2,1980,1980,2006,207500
VinylSd,20,NWAmes,5,Gd,TA,2,6,RFn,2,1977,1977,2008,175000
VinylSd,60,NridgHt,8,Gd,Ex,2,10,Fin,3,2003,2003,2007,285000
MetalSd,60,NWAmes,7,TA,Gd,2,9,RFn,2,1968,1968,2008,176000
VinylSd,20,CollgCr,8,Gd,Ex,2,7,RFn,2,2001,2001,2009,236500
HdBoard,60,Gilbert,7,Gd,Gd,2,8,Fin,2,1997,1997,2006,222000
VinylSd,20,Timber,8,Gd,Ex,2,7,Fin,3,2007,2007,2009,201000
VinylSd,20,NAmes,5,TA,Ex,1,5,Unf,1,1965,1965,2009,117500
VinylSd,20,Somerst,9,Ex,Ex,2,8,Fin,3,2006,2006,2007,320000
VinylSd,20,CollgCr,7,Gd,Ex,2,6,RFn,2,2004,2004,2009,190000
Wd Sdng,20,NAmes,7,Gd,Ex,2,9,RFn,2,1960,1960,2008,242000
MetalSd,30,BrkSide,4,Fa,Gd,1,5,Unf,2,1926,1953,2006,79900
VinylSd,20,SawyerW,7,Gd,Ex,2,5,RFn,2,2003,2003,2009,184900
VinylSd,60,Somerst,7,Gd,Ex,2,8,RFn,2,2005,2005,2009,253000
VinylSd,60,CollgCr,7,Gd,Ex,2,7,RFn,3,2006,2006,2006,239799
MetalSd,70,ClearCr,7,TA,Ex,2,10,Unf,1,1940,1940,2010,244400
Plywood,90,Mitchel,6,TA,TA,2,8,Unf,2,1976,1976,2006,150900
VinylSd,60,Gilbert,7,Gd,Ex,2,8,RFn,2,1999,1999,2009,214000
MetalSd,90,Edwards,4,Gd,TA,2,8,NA,0,1977,NA,2007,150000
HdBoard,90,Mitchel,5,TA,TA,2,8,Unf,2,1967,1967,2007,143000
HdBoard,20,Timber,6,TA,Gd,1,7,RFn,2,1958,1958,2009,137500
VinylSd,50,OldTown,5,TA,TA,1,7,Unf,2,1890,1963,2009,124900
HdBoard,80,NAmes,5,TA,TA,1,6,RFn,1,1959,1959,2006,143000
VinylSd,20,Timber,8,Gd,Ex,2,9,Fin,3,2002,2002,2007,270000
VinylSd,60,CollgCr,7,Gd,Ex,2,7,RFn,2,2002,2002,2006,192500
Plywood,20,NWAmes,6,TA,TA,1,5,RFn,2,1972,1972,2010,197500
VinylSd,20,NAmes,5,TA,Gd,1,5,RFn,2,1950,1980,2007,129000
VinylSd,20,SawyerW,5,TA,Gd,1,6,Unf,1,1965,1979,2006,119900
WdShing,85,CollgCr,5,Gd,Gd,1,5,Fin,1,1972,1974,2009,133900
HdBoard,60,Mitchel,5,TA,Ex,2,7,RFn,2,1969,1969,2008,172000
WdShing,90,Edwards,6,Gd,TA,2,4,NA,0,1975,NA,2006,127500
MetalSd,90,Crawfor,6,Gd,TA,2,8,Unf,2,1946,1946,2007,145000
MetalSd,160,Blueste,6,Gd,TA,1,5,Fin,2,1980,1980,2009,124000
MetalSd,20,Sawyer,5,TA,TA,1,6,Fin,2,1962,1977,2007,132000
VinylSd,20,CollgCr,7,Gd,Ex,2,6,RFn,2,2003,2003,2007,185000
MetalSd,160,Somerst,7,Gd,Ex,2,6,Unf,2,1999,1999,2010,155000
Wd Sdng,20,BrkSide,5,TA,Gd,1,4,NA,0,1958,NA,2010,116500
HdBoard,60,NWAmes,6,Gd,TA,2,11,Fin,2,1977,1977,2008,272000
Plywood,160,NPkVill,6,Gd,TA,2,7,Unf,2,1976,1976,2007,155000
VinylSd,20,CollgCr,9,Ex,Ex,2,7,Fin,2,2007,2007,2009,239000
VinylSd,60,Timber,7,Gd,Ex,2,8,Fin,2,2002,2002,2010,214900
VinylSd,60,Gilbert,6,Gd,Ex,2,8,Fin,2,2005,2005,2007,178900
MetalSd,50,Crawfor,5,TA,Ex,1,7,Unf,1,1940,1940,2009,160000
Wd Sdng,20,NAmes,5,TA,TA,1,6,Unf,1,1955,1955,2008,135000
VinylSd,50,OldTown,3,TA,Fa,1,6,NA,0,1910,NA,2009,37900
HdBoard,190,NAmes,6,TA,TA,1,6,RFn,1,1958,1958,2006,140000
AsbShng,50,NAmes,4,TA,TA,1,6,NA,0,1949,NA,2006,135000
VinylSd,160,NridgHt,7,Gd,Ex,2,6,RFn,2,2003,2003,2009,173000
Plywood,120,SawyerW,6,Gd,TA,2,5,Unf,1,1979,1979,2010,99500
CemntBd,20,Somerst,7,Gd,Ex,2,6,Fin,2,2007,2007,2008,182000
HdBoard,70,BrkSide,7,Gd,TA,1,8,Unf,2,1910,1997,2009,167500
MetalSd,160,Somerst,7,Gd,Ex,2,6,Unf,2,2000,2000,2006,165000
Wd Sdng,30,BrkSide,4,Gd,TA,1,4,NA,0,1923,NA,2006,85500
VinylSd,120,Somerst,7,Gd,Ex,1,4,Fin,2,2006,2007,2007,199900
MetalSd,20,Edwards,4,TA,Ex,1,5,Unf,2,1954,1999,2007,110000
VinylSd,20,Sawyer,5,TA,TA,1,5,Unf,2,1963,1963,2009,139000
CemntBd,85,NAmes,7,TA,Gd,1,6,RFn,2,1961,1961,2008,178400
VinylSd,60,NoRidge,8,Gd,Ex,2,8,Fin,3,1998,1998,2009,336000
VinylSd,20,Blmngtn,7,Gd,Ex,2,6,Fin,2,2007,2007,2008,159895
CemntBd,60,CollgCr,8,Gd,Ex,2,9,Unf,2,2002,2002,2008,255900
Plywood,90,Mitchel,5,NA,TA,2,8,Unf,2,1977,1977,2009,126000
MetalSd,190,Edwards,5,TA,TA,1,5,Unf,1,1950,1950,2008,125000
VinylSd,50,OldTown,6,TA,Gd,1,5,Unf,1,1910,1950,2006,117000
VinylSd,20,NridgHt,9,Ex,Ex,2,8,Fin,3,2009,2010,2010,395192
Plywood,60,NWAmes,6,TA,TA,2,8,Fin,2,1976,1976,2007,195000
VinylSd,60,Somerst,7,Gd,Ex,2,6,RFn,2,2006,2006,2006,197000
VinylSd,60,NoRidge,8,Gd,Ex,2,7,Fin,3,1997,1997,2006,348000
Wd Sdng,70,OldTown,8,TA,Gd,1,8,Unf,2,1882,1925,2009,168000
Wd Sdng,60,NAmes,6,TA,Gd,2,7,RFn,2,1964,1964,2007,187000
VinylSd,60,CollgCr,6,Gd,Ex,2,6,RFn,2,2005,2005,2006,173900
CemntBd,20,NridgHt,10,Ex,Ex,2,7,Fin,3,2006,2008,2009,337500
MetalSd,50,BrkSide,4,TA,TA,1,5,Unf,1,1946,1946,2006,121600
Wd Sdng,20,NAmes,5,TA,TA,1,6,Unf,1,1961,1961,2006,136500
HdBoard,20,NWAmes,6,TA,TA,2,6,RFn,2,1970,1970,2009,185000
Wd Sdng,30,IDOTRR,3,TA,Fa,1,6,Unf,1,1922,1922,2006,91000
VinylSd,20,CollgCr,7,Gd,Ex,2,6,RFn,2,2006,2006,2010,206000
BrkComm,20,Edwards,3,NA,Fa,1,4,Unf,2,1952,1956,2009,82000
Wd Sdng,30,OldTown,5,Fa,Ex,1,4,Unf,1,1920,1920,2007,86000
VinylSd,20,Somerst,8,Gd,Ex,2,7,RFn,3,2006,2006,2008,232000
VinylSd,90,NWAmes,5,TA,Fa,2,8,Unf,2,1976,1976,2007,136905
VinylSd,120,Blmngtn,7,Gd,Ex,2,7,Fin,2,2005,2005,2009,181000
HdBoard,80,CollgCr,5,Gd,TA,2,6,Unf,1,1977,1977,2008,149900
Plywood,20,NAmes,6,Gd,Gd,2,7,Unf,2,1970,1970,2007,163500
CemntBd,160,MeadowV,4,TA,TA,1,6,RFn,1,1970,1970,2009,88000
VinylSd,20,Mitchel,7,Ex,Ex,2,7,Fin,2,2004,2004,2009,240000
Wd Sdng,50,SWISU,5,TA,Ex,2,7,NA,0,1926,NA,2006,102000
Wd Sdng,50,Sawyer,5,TA,TA,2,7,Unf,1,1948,1948,2008,135000
AsphShn,90,Edwards,5,NA,TA,2,8,NA,0,1965,NA,2010,100000
Wd Sdng,70,Crawfor,6,TA,TA,1,7,Unf,1,1923,1923,2007,165000
MetalSd,30,OldTown,5,TA,TA,1,4,Unf,1,1910,1956,2009,85000
MetalSd,20,NAmes,6,TA,TA,1,5,Unf,1,1948,1948,2007,119200
VinylSd,60,NWAmes,8,Gd,Ex,2,6,Fin,2,2001,2001,2009,227000
VinylSd,20,CollgCr,7,Gd,Ex,2,6,Fin,2,1996,1996,2009,203000
HdBoard,120,StoneBr,8,Gd,Gd,1,4,RFn,2,1984,1984,2009,187500
HdBoard,80,Gilbert,7,Gd,Gd,2,7,RFn,2,1991,1991,2007,160000
VinylSd,120,Blmngtn,7,Gd,Ex,2,6,Fin,2,2005,2005,2006,213490
VinylSd,20,Edwards,4,Gd,Ex,1,5,Fin,2,2005,2005,2008,176000
VinylSd,20,CollgCr,7,Gd,Ex,2,6,RFn,2,2006,2006,2006,194000
Wd Sdng,50,OldTown,5,TA,Gd,1,6,Unf,1,1930,1957,2007,87000
VinylSd,120,Blmngtn,7,Gd,Ex,2,7,Fin,2,2005,2005,2008,191000
Stone,20,Timber,8,Gd,TA,2,10,Fin,2,1976,1976,2008,287000
VinylSd,20,CollgCr,5,TA,TA,1,5,Unf,2,1972,1980,2007,112500
MetalSd,20,NAmes,5,TA,TA,1,6,Unf,2,1960,1960,2010,167500
VinylSd,20,Timber,8,Gd,Ex,2,7,RFn,3,2007,2008,2008,293077
WdShing,50,NAmes,5,TA,TA,1,6,Unf,1,1941,1941,2007,105000
HdBoard,160,BrDale,6,TA,Gd,1,7,Unf,1,1972,1972,2006,118000
VinylSd,190,SWISU,5,TA,Gd,2,10,NA,0,1916,NA,2006,160000
Wd Sdng,75,SWISU,7,TA,Ex,2,12,Fin,2,1920,1970,2009,197000
MetalSd,60,NoRidge,8,Gd,Ex,2,10,RFn,3,1993,1993,2006,310000
VinylSd,20,CollgCr,7,Gd,Ex,2,6,Unf,3,2002,2002,2006,230000
MetalSd,30,Crawfor,5,Fa,Ex,1,5,Unf,1,1938,1938,2007,119750
Wd Sdng,20,Edwards,4,NA,Ex,1,5,Unf,1,1957,1957,2009,84000
VinylSd,20,Timber,9,Ex,Ex,2,6,Fin,3,2007,2008,2009,315500
VinylSd,60,CollgCr,8,Gd,Ex,2,7,Fin,2,2001,2001,2008,287000
CemntBd,160,MeadowV,4,TA,TA,1,6,NA,0,1970,NA,2009,97000
CemntBd,180,MeadowV,4,Gd,TA,1,3,Unf,1,1970,1970,2009,80000
Wd Sdng,20,Sawyer,5,TA,Ex,2,8,RFn,2,1957,1957,2006,155000
HdBoard,60,NWAmes,6,TA,Gd,1,7,Unf,2,1966,1966,2008,173000
VinylSd,120,NridgHt,6,Gd,Ex,2,5,RFn,2,2005,2005,2009,196000
HdBoard,60,SawyerW,7,Gd,Ex,2,10,Unf,2,1990,1990,2008,262280
BrkFace,20,NWAmes,8,Gd,TA,2,9,Fin,2,1981,1981,2009,278000
BrkFace,20,Edwards,3,NA,Ex,2,8,Unf,2,1955,1955,2009,139600
CemntBd,60,StoneBr,9,Ex,Ex,3,11,Fin,3,2005,2005,2006,556581
VinylSd,20,CollgCr,5,Gd,Ex,1,5,Unf,2,1994,1996,2008,145000
HdBoard,20,Mitchel,5,NA,TA,1,9,Unf,2,1960,1960,2009,115000
MetalSd,20,Edwards,4,NA,Ex,1,6,Unf,1,1946,1946,2010,84900
VinylSd,20,Gilbert,7,Gd,Ex,2,6,Fin,2,2007,2007,2007,176485
VinylSd,20,CollgCr,7,Gd,Ex,2,6,Fin,2,2007,2007,2007,200141
VinylSd,60,NAmes,6,TA,TA,1,9,RFn,2,1964,1964,2007,165000
HdBoard,20,Edwards,5,TA,Ex,1,7,Unf,1,1957,1957,2010,144500
VinylSd,60,CollgCr,8,Gd,Ex,2,7,Fin,2,2002,2002,2006,255000
Plywood,20,NWAmes,6,Gd,TA,2,7,Fin,2,1976,1976,2008,180000
VinylSd,120,NridgHt,7,Gd,Ex,2,6,RFn,2,2005,2005,2006,185850
HdBoard,60,NoRidge,7,Gd,Ex,2,7,Fin,2,1994,1994,2009,248000
VinylSd,60,NridgHt,9,Ex,Ex,2,10,Fin,3,2008,2008,2009,335000
MetalSd,50,Crawfor,6,TA,TA,1,7,Unf,2,1932,1977,2007,220000
CemntBd,120,StoneBr,8,Gd,Ex,2,6,Fin,2,2001,2001,2010,213500
MetalSd,30,IDOTRR,3,TA,TA,1,6,RFn,3,1935,1994,2008,81000
Wd Sdng,190,OldTown,5,TA,TA,2,10,Unf,2,1900,1945,2007,90000
MetalSd,30,OldTown,6,TA,Gd,1,5,Unf,2,1925,1976,2006,110500
Plywood,20,NAmes,5,TA,Ex,1,6,RFn,2,1966,1966,2009,154000
Wd Sdng,60,ClearCr,7,Ex,Ex,2,7,RFn,2,1996,1996,2010,328000
VinylSd,60,Gilbert,6,Gd,Gd,2,7,RFn,2,1993,1993,2009,178000
HdBoard,60,NAmes,6,TA,TA,1,7,RFn,2,1964,1964,2008,167900
CemntBd,160,MeadowV,6,Gd,Gd,2,10,Fin,2,1973,1973,2006,151400
MetalSd,45,NAmes,5,TA,TA,1,4,Unf,2,1949,1985,2007,135000
MetalSd,20,NAmes,5,TA,TA,1,6,Unf,1,1956,1956,2007,135000
MetalSd,60,NWAmes,6,TA,Ex,1,8,Unf,2,1968,1968,2009,154000
MetalSd,50,Edwards,5,Fa,Fa,1,7,Unf,1,1948,1954,2006,91500
HdBoard,60,Edwards,6,TA,TA,1,6,Fin,2,1977,1977,2009,159500
VinylSd,20,CollgCr,7,Gd,Ex,2,5,RFn,3,2006,2006,2007,194000
Wd Sdng,70,Crawfor,7,TA,TA,1,6,Unf,1,1940,1940,2007,219500
Wd Sdng,50,OldTown,5,Fa,Gd,2,7,Unf,2,1936,1950,2006,170000
VinylSd,20,NAmes,5,TA,Ex,1,6,Fin,1,1969,1969,2006,138800
VinylSd,120,CollgCr,6,Gd,Ex,1,3,RFn,2,2004,2004,2006,155900
VinylSd,20,CollgCr,5,Gd,Gd,1,5,Unf,1,1994,1996,2007,126000
VinylSd,20,NWAmes,6,TA,Ex,2,5,RFn,2,1971,1971,2008,145000
HdBoard,20,Sawyer,5,TA,Fa,1,5,Fin,1,1963,1963,2010,133000
VinylSd,20,CollgCr,7,Gd,Ex,2,6,RFn,2,2002,2002,2007,192000
HdBoard,20,NAmes,6,TA,TA,1,6,RFn,1,1964,1964,2006,160000
HdBoard,60,Gilbert,6,Gd,Gd,2,6,Fin,2,1995,1995,2006,187500
HdBoard,85,SawyerW,6,Gd,Ex,1,5,Unf,2,1992,1992,2010,147000
CemntBd,160,MeadowV,4,TA,TA,1,6,RFn,1,1973,1973,2010,83500
VinylSd,60,Somerst,8,Gd,Ex,2,9,RFn,3,2005,2005,2009,252000
VinylSd,160,Edwards,7,Gd,Ex,2,7,Unf,2,2004,2004,2006,137500
MetalSd,120,Somerst,8,Gd,Ex,1,4,Fin,2,2005,2005,2006,197000
BrkFace,90,NAmes,3,NA,Fa,2,6,Unf,2,1950,1987,2009,92900
MetalSd,160,Somerst,7,Gd,Ex,2,4,Unf,2,1999,1999,2008,160000
MetalSd,50,SWISU,6,TA,Fa,2,7,Unf,2,1925,1925,2008,136500
MetalSd,20,NAmes,5,TA,Gd,1,6,Unf,2,1965,1977,2006,146000
MetalSd,20,NAmes,5,TA,Ex,1,4,Fin,1,1956,1956,2010,129000
VinylSd,20,CollgCr,6,Gd,Gd,2,6,RFn,2,2006,2006,2007,176432
Wd Sdng,70,IDOTRR,6,TA,TA,1,7,NA,0,1914,NA,2007,127000
HdBoard,120,StoneBr,8,Gd,Ex,1,5,RFn,2,1986,1987,2007,170000
MetalSd,50,BrkSide,4,TA,TA,1,6,Unf,1,1936,1936,2009,128000
Plywood,20,NWAmes,7,Gd,TA,2,7,RFn,2,1978,1978,2009,157000
Wd Sdng,30,SWISU,2,TA,TA,1,3,Unf,1,1920,1930,2009,60000
HdBoard,20,NAmes,5,TA,TA,1,5,Unf,1,1971,1981,2007,119500
Wd Sdng,20,NAmes,5,TA,Ex,1,6,RFn,1,1960,1960,2007,135000
BrkFace,20,NAmes,6,TA,Ex,1,6,Fin,2,1959,1954,2006,159500
HdBoard,160,BrDale,5,TA,TA,2,6,Unf,2,1970,1970,2007,106000
HdBoard,60,NoRidge,8,Ex,Ex,2,9,RFn,2,1994,1994,2010,325000
HdBoard,20,SawyerW,7,Gd,Gd,2,6,Fin,2,1990,1990,2007,179900
VinylSd,60,Gilbert,7,Ex,Ex,2,9,RFn,2,2006,2006,2006,274725
VinylSd,60,Gilbert,6,Gd,Ex,2,7,RFn,2,2000,2000,2007,181000
MetalSd,20,NridgHt,8,Ex,Ex,2,7,Fin,3,2004,2004,2009,280000
HdBoard,60,Gilbert,6,Gd,Gd,2,8,Fin,2,1995,1995,2008,188000
Plywood,60,NWAmes,7,TA,TA,2,8,RFn,2,1976,1976,2008,205000
WdShing,20,NAmes,5,TA,TA,1,5,Unf,1,1957,1957,2006,129900
Wd Sdng,20,NAmes,5,TA,Gd,1,6,Unf,1,1953,1953,2007,134500
MetalSd,20,OldTown,5,TA,Ex,1,4,Unf,1,1954,1955,2006,117000
VinylSd,20,NridgHt,8,Ex,Ex,2,7,RFn,3,2007,2007,2007,318000
VinylSd,80,Gilbert,8,Gd,Ex,2,7,Fin,2,2002,2002,2009,184100
VinylSd,20,Sawyer,5,TA,Ex,1,5,RFn,2,1967,1967,2008,130000
MetalSd,80,Sawyer,5,TA,TA,1,6,RFn,1,1958,1958,2008,140000
BrkFace,20,NAmes,5,TA,TA,1,6,RFn,1,1959,1959,2006,133700
BrkFace,30,IDOTRR,6,TA,TA,1,6,Unf,1,1920,1920,2007,118400
VinylSd,20,CollgCr,7,Gd,Ex,2,7,RFn,3,2005,2005,2006,212900
AsbShng,20,Edwards,4,TA,Ex,1,5,Unf,1,1956,1956,2009,112000
VinylSd,20,Edwards,5,TA,Ex,1,4,NA,0,1947,NA,2009,118000
HdBoard,80,Gilbert,7,Gd,Gd,2,7,Fin,2,1992,1992,2007,163900
Plywood,20,NAmes,4,TA,TA,1,5,Unf,2,1955,1977,2009,115000
VinylSd,120,Blmngtn,7,Gd,Ex,2,7,Fin,3,2007,2007,2009,174000
VinylSd,20,Gilbert,7,Gd,Ex,2,7,Fin,3,2004,2004,2007,259000
VinylSd,60,Gilbert,7,Gd,Ex,2,8,Fin,2,2004,2004,2007,215000
MetalSd,90,OldTown,5,Gd,TA,1,4,Unf,2,1980,1980,2007,140000
WdShing,50,SWISU,4,TA,TA,2,7,Unf,2,1928,1981,2009,135000
HdBoard,20,Mitchel,5,Gd,TA,1,5,NA,0,1991,NA,2007,93500
Wd Sdng,70,OldTown,6,TA,TA,2,8,Unf,1,1880,1930,2007,117500
VinylSd,60,SawyerW,8,Gd,Ex,2,8,RFn,2,1995,1995,2009,239500
VinylSd,60,Gilbert,6,Gd,Gd,2,7,Fin,2,1997,1997,2007,169000
Wd Sdng,30,BrkSide,6,TA,TA,1,5,Unf,1,1926,1926,2007,102000
VinylSd,50,NAmes,6,TA,TA,1,6,Unf,1,1950,1950,2008,119000
VinylSd,50,Sawyer,5,TA,Gd,1,6,NA,0,1875,NA,2010,94000
Plywood,20,Mitchel,6,TA,TA,2,5,RFn,2,1977,1977,2009,196000
Stucco,30,BrkSide,5,TA,TA,1,6,Unf,2,1920,1972,2007,144000
HdBoard,20,NAmes,5,TA,TA,1,4,Unf,2,1951,1988,2008,139000
Plywood,60,NWAmes,5,TA,Ex,2,9,Unf,2,1976,1976,2009,197500
VinylSd,60,CollgCr,8,Ex,Ex,3,11,RFn,3,2006,2006,2007,424870
Wd Sdng,20,Sawyer,5,TA,TA,1,5,NA,0,1959,NA,2008,80000
MetalSd,190,Edwards,4,Gd,Fa,1,5,Unf,1,1941,1941,2010,80000
MetalSd,50,BrkSide,5,TA,Ex,1,8,Unf,1,1928,1928,2006,149000
Wd Sdng,20,SawyerW,6,Gd,TA,2,5,Unf,2,1985,1985,2006,180000
MetalSd,70,Crawfor,7,TA,Ex,1,7,Unf,1,1941,1941,2009,174500
Wd Sdng,50,OldTown,7,TA,TA,1,5,Unf,1,1926,1982,2008,116900
VinylSd,70,OldTown,7,TA,Ex,1,7,Unf,2,1920,1930,2009,143000
BrkFace,20,NAmes,6,TA,Ex,1,4,Unf,1,1950,1950,2007,124000
HdBoard,20,Edwards,5,TA,TA,1,6,Fin,2,1959,1959,2006,149900
Stone,20,Crawfor,6,TA,Ex,1,6,Fin,2,1956,1956,2006,230000
Wd Sdng,30,IDOTRR,6,TA,Ex,1,5,Unf,1,1930,2002,2008,120500
VinylSd,60,NAmes,7,TA,TA,1,8,Unf,2,1965,1965,2008,201800
Plywood,20,Veenker,5,Gd,TA,2,6,RFn,2,1976,1976,2007,218000
BrkFace,80,NAmes,5,TA,Gd,2,6,RFn,2,1965,1965,2008,179900
VinylSd,120,NridgHt,7,Gd,Ex,2,6,RFn,2,2007,2008,2009,230000
VinylSd,20,Somerst,8,Gd,Ex,2,7,RFn,3,2007,2008,2008,235128
HdBoard,60,NWAmes,6,TA,TA,2,8,RFn,2,1974,1974,2008,185000
Plywood,160,NPkVill,6,Gd,Fa,2,7,Unf,2,1978,1978,2010,146000
HdBoard,20,Crawfor,6,TA,Ex,1,7,Unf,2,1954,1993,2008,224000
VinylSd,20,Sawyer,5,Gd,Gd,1,5,Fin,2,1968,1968,2007,129000
Plywood,90,Sawyer,4,Gd,TA,0,6,Unf,2,1969,1969,2008,108959
Plywood,80,Veenker,5,Gd,Ex,1,5,Unf,2,1978,1978,2007,194000
VinylSd,20,NridgHt,7,Gd,Ex,2,7,RFn,2,2009,2009,2009,233170
VinylSd,20,CollgCr,8,Gd,Ex,2,7,RFn,3,2008,2008,2010,245350
VinylSd,60,Gilbert,6,Gd,Ex,2,7,Fin,2,2000,2000,2006,173000
Stucco,70,Edwards,6,TA,Ex,2,7,Unf,2,1935,1935,2008,235000
HdBoard,60,NoRidge,10,Ex,Ex,3,10,Fin,3,1995,1995,2006,625000
Plywood,80,Mitchel,6,TA,TA,1,6,Fin,1,1977,1977,2008,171000
MetalSd,20,NAmes,6,TA,Ex,1,6,RFn,2,1958,1958,2008,163000
MetalSd,160,Somerst,7,Gd,Ex,2,5,Fin,2,2006,2006,2008,171900
MetalSd,50,ClearCr,5,TA,TA,3,12,NA,0,1946,NA,2007,200500
Wd Sdng,70,Crawfor,6,Gd,TA,2,9,Unf,2,1932,1932,2006,239000
HdBoard,50,NoRidge,8,Gd,Ex,2,9,Fin,2,1992,1992,2007,285000
HdBoard,20,Mitchel,5,TA,TA,1,5,Unf,1,1984,1984,2008,119500
MetalSd,50,OldTown,6,TA,TA,1,5,Unf,1,1926,1926,2009,115000
Wd Sdng,50,Crawfor,5,TA,Ex,1,7,Unf,1,1921,1921,2009,154900
Wd Sdng,20,Edwards,5,NA,Gd,1,5,NA,0,1954,NA,2006,93000
MetalSd,60,Timber,7,Gd,Ex,2,8,Fin,2,1990,1990,2006,250000
CemntBd,120,Crawfor,8,Ex,Ex,2,5,Fin,2,2008,2008,2008,392500
Wd Sdng,60,NoRidge,10,Ex,Ex,3,10,Fin,3,1996,1996,2007,745000
Stucco,30,OldTown,5,TA,Ex,1,5,Unf,2,1920,1970,2006,120000
MetalSd,20,Timber,5,TA,Gd,1,5,RFn,3,1963,1963,2007,186700
AsbShng,50,Edwards,5,TA,Gd,1,7,Unf,1,1924,1965,2006,104900
HdBoard,190,OldTown,3,Fa,TA,2,7,Unf,2,1900,1920,2009,95000
ImStucc,20,NoRidge,8,Gd,Ex,2,5,RFn,3,1994,1994,2006,262000
VinylSd,60,CollgCr,7,Gd,Ex,2,7,RFn,2,2002,2002,2009,195000
VinylSd,60,Gilbert,7,TA,Gd,2,7,Fin,2,1999,1999,2010,189000
MetalSd,190,Mitchel,4,TA,Ex,1,7,Fin,4,1961,1975,2007,168000
MetalSd,160,Somerst,8,Gd,Ex,2,5,Unf,2,1999,1999,2007,174000
VinylSd,50,OldTown,5,TA,Gd,1,6,Unf,1,1925,1925,2007,125000
VinylSd,120,Mitchel,6,Ex,Ex,2,5,Fin,2,1999,1999,2009,165000
HdBoard,60,Sawyer,6,TA,TA,1,7,Fin,1,1969,1969,2010,158000
VinylSd,60,Gilbert,6,Gd,Ex,2,8,Fin,2,2005,2005,2008,176000
VinylSd,60,Gilbert,7,Gd,Ex,2,9,Fin,3,2006,2006,2006,219210
MetalSd,75,OldTown,7,TA,Ex,1,7,Unf,1,1916,1916,2006,144000
VinylSd,20,CollgCr,7,Gd,Ex,2,6,RFn,2,2001,2001,2009,178000
HdBoard,20,Sawyer,4,TA,Gd,1,6,Unf,2,1963,1974,2006,148000
MetalSd,20,NAmes,4,TA,Gd,1,5,Unf,1,1970,1972,2006,116050
VinylSd,60,CollgCr,7,Gd,Ex,2,6,RFn,2,1998,1998,2009,197900
Wd Sdng,50,BrkSide,5,TA,Ex,1,5,Unf,1,1925,1960,2009,117000
VinylSd,20,CollgCr,7,Gd,Ex,2,6,Unf,2,2000,2000,2009,213000
HdBoard,20,NWAmes,5,Gd,Ex,1,6,RFn,2,1975,1975,2006,153500
HdBoard,20,SawyerW,7,Gd,Gd,2,7,RFn,3,1990,1990,2009,271900
HdBoard,20,SawyerW,4,TA,TA,1,5,Unf,1,1966,1966,2006,107000
VinylSd,20,CollgCr,6,Gd,Ex,2,7,RFn,2,2003,2003,2006,200000
MetalSd,20,NAmes,5,TA,TA,1,6,Unf,2,1962,1980,2008,140000
VinylSd,20,Somerst,8,Ex,Ex,2,8,RFn,2,2006,2006,2006,290000
Wd Sdng,60,SawyerW,6,Gd,Ex,2,8,RFn,2,1992,1992,2010,189000
Wd Sdng,50,Gilbert,8,Gd,Gd,2,8,RFn,2,1988,1988,2010,164000
MetalSd,30,Edwards,4,TA,TA,1,4,Unf,1,1941,1941,2009,113000
VinylSd,80,Sawyer,4,TA,Ex,0,3,Unf,1,1965,1965,2006,145000
MetalSd,85,NAmes,5,TA,TA,1,6,Unf,1,1962,1962,2006,134500
VinylSd,20,Sawyer,5,TA,TA,1,5,RFn,1,1966,1966,2007,125000
VinylSd,90,Sawyer,6,NA,TA,2,8,Unf,2,1978,1978,2010,112000
CemntBd,20,Somerst,8,Gd,Ex,2,6,RFn,2,2009,2009,2009,229456
AsbShng,50,BrkSide,4,NA,Gd,1,3,NA,0,1947,NA,2006,80500
CemntBd,160,BrDale,6,TA,TA,1,7,NA,0,1971,NA,2006,91500
Wd Sdng,20,NAmes,5,TA,TA,1,5,Unf,1,1964,1964,2006,115000
HdBoard,20,Sawyer,5,TA,Ex,1,5,Unf,1,1968,1968,2008,134000
Wd Sdng,50,NAmes,6,TA,Ex,2,7,Unf,1,1949,1949,2007,143000
Wd Sdng,20,NAmes,5,TA,TA,2,7,Unf,2,1951,1951,2006,137900
VinylSd,60,Gilbert,7,Gd,Ex,2,8,Fin,2,2004,2004,2008,184000
VinylSd,80,NAmes,6,TA,Ex,1,6,RFn,1,1958,1958,2007,145000
VinylSd,60,Somerst,6,Gd,Ex,2,9,Fin,3,2007,2007,2008,214000
VinylSd,20,NAmes,5,TA,Ex,1,5,Unf,2,1965,1992,2008,147000
MetalSd,120,NridgHt,9,Ex,Ex,1,7,Fin,3,2008,2008,2008,367294
BrkFace,80,NAmes,5,TA,Gd,2,7,Unf,1,1960,1960,2008,127000
Plywood,90,Sawyer,5,Gd,Ex,2,12,RFn,2,1977,1977,2007,190000
Wd Sdng,90,NAmes,5,TA,TA,1,6,Unf,2,1962,1962,2006,132500
HdBoard,90,NAmes,4,NA,TA,2,6,Unf,2,1962,1962,2007,101800
Plywood,20,NAmes,5,TA,Fa,1,6,RFn,2,1959,1959,2010,142000
MetalSd,70,SWISU,5,TA,TA,1,7,NA,0,1911,NA,2008,130000
Wd Sdng,70,Crawfor,5,Gd,Gd,1,9,Unf,1,1914,1914,2006,138887
VinylSd,160,NridgHt,7,Gd,Ex,2,6,RFn,2,2003,2003,2010,175500
VinylSd,60,CollgCr,7,Gd,Ex,2,8,Fin,2,2004,2004,2006,195000
VinylSd,20,SawyerW,6,Gd,Ex,1,6,Unf,2,2005,2005,2006,142500
VinylSd,20,Timber,8,Gd,Ex,2,6,RFn,2,2006,2006,2007,265900
VinylSd,60,CollgCr,7,Gd,Ex,2,8,RFn,2,2003,2003,2008,224900
VinylSd,20,Somerst,7,Gd,Ex,2,7,RFn,3,2007,2007,2007,248328
Plywood,85,NWAmes,7,Gd,TA,2,6,RFn,2,1974,1974,2010,170000
VinylSd,20,NridgHt,10,Ex,Ex,2,7,Fin,3,2006,2006,2006,465000
BrkFace,70,Crawfor,8,Gd,Fa,1,7,Unf,2,1929,1931,2006,230000
VinylSd,80,NWAmes,6,Gd,Ex,3,7,Fin,2,1984,1984,2007,178000
VinylSd,60,Somerst,7,Gd,Ex,2,6,RFn,2,2005,2005,2006,186500
HdBoard,80,Mitchel,6,TA,TA,1,6,Unf,3,1976,1976,2010,169900
AsbShng,75,OldTown,6,Gd,Fa,1,8,Unf,2,1917,1950,2008,129500
MetalSd,20,NAmes,5,TA,TA,1,6,Unf,1,1950,1950,2007,119000
BrkFace,20,NAmes,7,TA,Ex,2,8,Fin,2,1968,1968,2010,244000
VinylSd,120,NridgHt,7,Gd,Ex,2,6,RFn,2,2003,2003,2006,171750
HdBoard,20,Mitchel,5,TA,TA,1,5,RFn,1,1968,1968,2009,130000
Wd Sdng,60,Veenker,7,TA,TA,2,9,RFn,2,1974,1974,2007,294000
VinylSd,60,Edwards,7,Gd,Ex,2,7,Fin,2,2003,2003,2008,165400
Wd Sdng,50,BrkSide,6,TA,TA,1,6,Unf,1,1931,1978,2007,127500
HdBoard,20,NoRidge,8,Gd,Ex,2,7,Fin,2,1994,1994,2008,301500
Wd Sdng,30,Edwards,5,Fa,Ex,1,4,NA,0,1922,NA,2009,99900
VinylSd,80,Gilbert,7,Gd,Ex,2,5,Fin,2,2005,2005,2008,190000
HdBoard,20,NAmes,6,Gd,Gd,1,6,Unf,2,1969,1969,2008,151000
VinylSd,60,Gilbert,6,Gd,Ex,2,7,Fin,2,1999,1999,2009,181000
MetalSd,20,NAmes,5,TA,Gd,1,5,Unf,1,1956,1956,2009,128900
Wd Sdng,50,ClearCr,4,TA,Ex,1,8,Unf,1,1957,1957,2009,161500
Wd Sdng,70,BrkSide,6,TA,Ex,1,8,Unf,2,1919,1940,2007,180500
MetalSd,120,NAmes,6,Gd,Ex,2,5,Fin,2,1998,1998,2008,181000
MetalSd,160,Somerst,7,Gd,Ex,2,6,Unf,2,1999,1999,2006,183900
Wd Sdng,190,OldTown,7,TA,TA,1,9,Unf,1,1910,1960,2007,122000
Stucco,20,Timber,9,Ex,Ex,2,10,Fin,3,2008,2009,2010,378500
Stucco,50,Crawfor,8,TA,Ex,3,11,Unf,3,1935,1982,2008,381000
MetalSd,50,NAmes,5,TA,TA,1,7,Unf,1,1958,1958,2007,144000
Plywood,40,ClearCr,7,Gd,TA,0,4,Fin,2,1979,1979,2010,260000
BrkFace,20,NWAmes,6,TA,Gd,2,7,RFn,2,1968,1968,2009,185750
HdBoard,20,Sawyer,5,TA,TA,1,5,Unf,1,1965,1965,2006,137000
Plywood,80,Edwards,6,TA,Gd,1,5,RFn,1,1959,1959,2008,177000
Wd Sdng,50,Crawfor,5,TA,Ex,2,8,Unf,2,1910,1985,2007,139000
AsbShng,90,NAmes,5,TA,Gd,2,10,Unf,2,1948,1948,2007,137000
HdBoard,60,NWAmes,6,TA,TA,1,6,Unf,2,1972,1972,2009,162000
HdBoard,80,NWAmes,6,Gd,Fa,1,7,RFn,2,1967,1967,2009,197900
VinylSd,60,CollgCr,8,Gd,Ex,2,7,RFn,2,2002,2002,2008,237000
MetalSd,50,IDOTRR,4,TA,TA,1,6,RFn,2,1920,1980,2010,68400
VinylSd,20,CollgCr,7,Gd,Ex,2,6,RFn,2,2002,2002,2009,227000
HdBoard,20,Timber,7,Gd,TA,2,6,Fin,2,1990,1990,2006,180000
HdBoard,20,CollgCr,5,Gd,TA,2,5,Unf,2,1977,1977,2009,150500
MetalSd,90,Mitchel,6,TA,TA,2,8,NA,0,1971,NA,2010,139000
Wd Sdng,50,SWISU,6,TA,Ex,2,10,Unf,1,1919,1969,2010,169000
MetalSd,50,BrkSide,6,TA,Ex,1,6,Unf,1,1939,1939,2009,132500
HdBoard,20,NWAmes,6,TA,TA,1,6,Unf,2,1963,1963,2010,143000
Wd Sdng,20,ClearCr,5,TA,Fa,2,7,Unf,2,1964,1964,2006,190000
CemntBd,120,StoneBr,8,Gd,Ex,2,5,Fin,2,2000,2000,2009,278000
VinylSd,60,NridgHt,8,Gd,Ex,2,8,Fin,3,2006,2006,2006,281000
Wd Sdng,80,NAmes,5,TA,TA,1,6,RFn,2,1964,1964,2010,180500
CemntBd,160,BrDale,5,TA,TA,2,6,Unf,1,1972,1972,2009,119500
Wd Sdng,70,OldTown,5,TA,TA,2,11,RFn,1,1892,1985,2009,107500
HdBoard,60,NWAmes,7,Gd,TA,2,8,RFn,2,1976,1976,2006,162900
WdShing,20,Edwards,5,TA,TA,1,5,Unf,2,1955,1957,2006,115000
HdBoard,20,NAmes,5,TA,Gd,1,5,RFn,1,1968,1968,2006,138500
MetalSd,20,NAmes,5,TA,Gd,2,6,RFn,2,1963,1963,2008,155000
VinylSd,180,Edwards,6,Gd,Gd,2,5,Fin,2,2005,2005,2006,140000
Stucco,60,Edwards,10,Ex,Ex,2,12,Fin,2,2008,2008,2008,160000
BrkFace,20,NAmes,5,TA,Ex,1,6,RFn,1,1959,1959,2010,154000
VinylSd,60,Gilbert,7,Gd,Ex,2,9,Fin,2,1999,1999,2009,225000
Wd Sdng,70,Crawfor,6,TA,Fa,1,7,Unf,1,1942,1942,2009,177500
VinylSd,60,NoRidge,8,Gd,Ex,2,8,RFn,3,1994,1994,2006,290000
VinylSd,20,Somerst,7,Gd,Ex,2,7,RFn,3,2005,2005,2006,232000
VinylSd,160,Edwards,7,Gd,Ex,2,7,Unf,2,2004,2004,2006,130000
VinylSd,20,NridgHt,9,Ex,Ex,2,6,Fin,2,2006,2006,2009,325000
VinylSd,120,NridgHt,7,Gd,Ex,2,6,RFn,2,2005,2005,2006,202500
VinylSd,20,CollgCr,5,Gd,Ex,1,5,Unf,2,1994,2000,2009,138000
MetalSd,20,OldTown,5,TA,Ex,1,6,Unf,2,1948,1948,2008,147000
HdBoard,20,SawyerW,6,Gd,Gd,2,6,RFn,2,1991,1991,2008,179200
BrkFace,20,Crawfor,7,Gd,TA,2,7,Fin,2,1959,1959,2010,335000
VinylSd,20,CollgCr,7,Gd,Ex,2,6,RFn,2,2005,2005,2007,203000
Wd Sdng,60,NoRidge,8,Ex,Ex,2,9,RFn,2,1990,1990,2007,302000
VinylSd,60,NoRidge,9,Gd,Ex,2,10,Fin,3,1999,1999,2010,333168
Wd Sdng,20,Edwards,4,TA,Ex,1,5,Unf,1,1954,1956,2007,119000
HdBoard,60,NAmes,6,Fa,TA,2,9,Unf,2,1969,1969,2008,206900
VinylSd,20,CollgCr,8,Ex,Ex,2,8,RFn,3,2008,2008,2009,295493
VinylSd,120,Somerst,7,Ex,Ex,2,5,RFn,2,2006,2006,2007,208900
VinylSd,20,CollgCr,8,Gd,Ex,2,7,RFn,3,2001,2001,2006,275000
Wd Sdng,20,Edwards,4,TA,Ex,1,5,Unf,1,1954,1954,2007,111000
BrkFace,20,NAmes,6,TA,Gd,1,6,RFn,2,1957,1957,2009,156500
VinylSd,20,BrkSide,3,NA,TA,1,4,Unf,1,1949,1955,2008,72500
HdBoard,60,NoRidge,7,Gd,Ex,2,8,RFn,2,1992,1992,2010,190000
VinylSd,30,BrkSide,4,TA,Gd,1,5,NA,0,1940,NA,2009,82500
VinylSd,20,Somerst,8,Ex,Ex,2,7,RFn,3,2006,2007,2007,147000
AsbShng,30,IDOTRR,4,TA,Fa,1,5,NA,0,1922,NA,2008,55000
MetalSd,30,Edwards,3,TA,Ex,1,6,NA,0,1931,NA,2007,79000
VinylSd,20,Mitchel,5,TA,Ex,1,5,Unf,1,1982,1982,2008,130500
BrkFace,50,OldTown,6,Gd,Ex,2,8,Unf,2,1920,1920,2008,256000
VinylSd,60,Gilbert,7,Gd,Gd,2,8,Fin,2,1998,1998,2006,176500
VinylSd,20,Somerst,8,Gd,Ex,2,7,RFn,3,2006,2006,2007,227000
MetalSd,80,CollgCr,5,TA,Gd,1,6,Unf,2,1976,1976,2006,132500
MetalSd,20,Edwards,4,TA,Ex,1,3,Unf,1,1938,1958,2009,100000
Wd Sdng,50,IDOTRR,5,TA,Ex,1,6,Unf,1,1938,1951,2006,125500
HdBoard,160,BrDale,5,TA,TA,1,7,Unf,2,1970,1970,2009,125000
Plywood,20,NWAmes,6,Gd,TA,2,6,RFn,2,1977,1977,2009,167900
Plywood,90,NWAmes,5,TA,TA,2,8,Unf,2,1973,1973,2008,135000
Wd Sdng,30,OldTown,4,TA,Fa,1,4,NA,0,1941,NA,2006,52500
VinylSd,60,CollgCr,7,Gd,Ex,2,8,RFn,2,2002,2002,2006,200000
MetalSd,20,CollgCr,5,TA,Ex,1,5,RFn,1,1972,1972,2006,128500
MetalSd,20,NAmes,4,TA,TA,1,5,Unf,4,1971,1974,2007,123000
VinylSd,20,SawyerW,6,Gd,Ex,1,6,Unf,2,2003,2004,2008,155000
VinylSd,60,CollgCr,8,Gd,Ex,2,7,RFn,2,2002,2002,2007,228500
BrkFace,50,Crawfor,6,TA,Gd,1,9,Unf,2,1928,1929,2009,177000
VinylSd,60,CollgCr,7,Gd,Ex,2,8,Fin,2,2006,2006,2007,155835
MetalSd,30,OldTown,4,TA,Gd,1,5,Unf,1,1920,1997,2007,108500
BrkFace,20,NWAmes,7,TA,TA,2,9,RFn,2,1968,1968,2006,262500
VinylSd,20,Timber,8,Ex,Ex,2,7,Fin,3,2006,2006,2007,283463
VinylSd,20,SawyerW,7,Gd,Ex,2,5,RFn,2,1998,1998,2007,215000
MetalSd,70,OldTown,8,TA,Fa,2,8,NA,0,1872,NA,2008,122000
MetalSd,90,NAmes,5,TA,TA,2,12,Unf,4,1969,1969,2009,200000
HdBoard,60,NAmes,6,TA,Ex,1,8,Fin,2,1962,1962,2008,171000
MetalSd,50,BrkSide,6,TA,TA,1,4,Unf,2,1937,1999,2009,134900
VinylSd,50,NoRidge,8,Gd,Ex,2,9,Fin,3,1995,1996,2010,410000
VinylSd,60,CollgCr,7,Gd,Ex,2,7,RFn,3,2000,2000,2008,235000
MetalSd,80,NWAmes,7,TA,Gd,3,8,RFn,2,1968,1968,2006,170000
HdBoard,20,NAmes,5,TA,TA,1,5,RFn,1,1966,1966,2008,110000
VinylSd,20,NAmes,5,TA,Ex,1,6,Fin,2,1971,1971,2010,149900
MetalSd,160,Somerst,6,Gd,Ex,2,5,Unf,2,2000,2000,2010,177500
VinylSd,20,NridgHt,9,Ex,Ex,2,8,Fin,3,2004,2004,2006,315000
MetalSd,70,SWISU,5,TA,Ex,3,8,RFn,2,1921,1998,2008,189000
VinylSd,20,StoneBr,7,Ex,Ex,2,7,Fin,2,2005,2005,2009,260000
VinylSd,50,NAmes,4,TA,Gd,2,7,Unf,1,1920,1920,2009,104900
VinylSd,60,Gilbert,6,Gd,Ex,2,6,Fin,2,2006,2007,2007,156932
MetalSd,160,Somerst,7,Gd,Ex,2,4,RFn,2,2005,2005,2006,144152
VinylSd,60,Somerst,7,Gd,Ex,2,7,RFn,2,2000,2000,2010,216000
VinylSd,60,CollgCr,7,Gd,Ex,2,7,RFn,2,1999,1999,2008,193000
CemntBd,160,MeadowV,5,TA,Ex,2,6,RFn,1,1977,1977,2006,127000
VinylSd,120,CollgCr,6,Gd,Ex,1,4,Fin,2,2003,2003,2009,144000
VinylSd,20,CollgCr,8,Gd,Ex,2,8,Fin,2,2003,2003,2010,232000
CBlock,50,OldTown,4,TA,Ex,1,6,Fin,1,1920,1967,2009,105000
AsbShng,80,NAmes,6,TA,Gd,1,8,RFn,1,1955,1955,2008,165500
VinylSd,60,CollgCr,7,Gd,Ex,2,8,RFn,2,1998,1998,2006,274300
VinylSd,20,NoRidge,10,Ex,Ex,2,8,RFn,3,2001,2001,2007,466500
CemntBd,60,Somerst,7,Gd,Ex,2,9,Fin,3,2005,2005,2008,250000
VinylSd,20,Timber,8,Gd,Ex,2,7,Fin,3,2007,2007,2007,239000
Wd Sdng,30,SWISU,6,Gd,TA,1,4,Unf,1,1930,1925,2008,91000
Wd Sdng,50,Edwards,5,TA,Ex,2,6,Unf,2,1941,1977,2009,117000
HdBoard,160,BrDale,6,TA,TA,1,5,Unf,1,1973,1973,2006,83000
VinylSd,80,Timber,5,Gd,Gd,2,7,Fin,2,2006,2007,2008,167500
Stucco,30,Edwards,3,TA,TA,1,5,Unf,1,1914,1938,2010,58500
BrkFace,20,NAmes,6,TA,Ex,2,7,Fin,2,1970,1970,2008,237500
Wd Sdng,70,OldTown,7,Fa,Ex,1,8,Unf,2,1920,1989,2006,157000
Wd Sdng,30,Sawyer,5,TA,Ex,2,7,Unf,2,1918,2007,2007,112000
WdShing,50,Edwards,6,TA,TA,1,6,Unf,1,1939,1939,2009,105000
VinylSd,50,IDOTRR,4,TA,Gd,1,7,Unf,1,1922,1922,2010,125500
Plywood,60,NWAmes,7,Gd,TA,3,12,RFn,2,1978,1978,2006,250000
Stucco,50,OldTown,6,TA,TA,2,10,Unf,1,1916,1916,2007,136000
VinylSd,20,Gilbert,9,Ex,Ex,2,7,Fin,3,2006,2006,2009,377500
Wd Sdng,50,BrkSide,6,TA,Ex,1,6,Unf,2,1941,2003,2007,131000
VinylSd,20,CollgCr,7,Gd,Ex,2,6,RFn,2,2000,2000,2006,235000
Plywood,90,NAmes,5,TA,TA,2,8,Unf,3,1967,1967,2009,124000
HdBoard,85,NAmes,5,TA,TA,1,6,RFn,1,1967,1967,2006,123000
Wd Sdng,190,OldTown,6,Fa,Ex,2,7,Unf,2,1905,2003,2008,163000
VinylSd,120,Blmngtn,7,Gd,Ex,2,6,Fin,3,2006,2006,2006,246578
VinylSd,60,Timber,8,Gd,Ex,2,9,Fin,3,2005,2005,2007,281213
Wd Sdng,20,Timber,5,TA,TA,1,7,Unf,2,1948,1966,2010,160000
MetalSd,70,BrkSide,5,TA,Ex,1,8,Unf,1,1920,1933,2007,137500
VinylSd,50,NAmes,5,TA,Gd,1,7,Unf,1,1950,1950,2009,138000
WdShing,50,SWISU,6,TA,Ex,2,7,Unf,1,1925,1925,2009,137450
WdShing,50,BrkSide,6,TA,TA,1,5,RFn,1,1929,1929,2008,120000
VinylSd,60,Gilbert,6,TA,Ex,2,8,Fin,2,2004,2004,2008,193000
VinylSd,20,CollgCr,7,Gd,Ex,2,6,RFn,2,2006,2006,2006,193879
VinylSd,20,Somerst,8,Gd,Ex,2,6,Unf,3,2007,2007,2007,282922
Wd Sdng,50,OldTown,3,TA,TA,1,6,Unf,3,1915,1998,2006,105000
CemntBd,120,Crawfor,8,Ex,Ex,2,5,Fin,2,2004,2004,2008,275000
HdBoard,85,CollgCr,5,Gd,TA,1,5,Unf,2,1972,1988,2009,133000
HdBoard,20,Mitchel,5,TA,Ex,1,5,NA,0,1985,NA,2009,112000
VinylSd,70,OldTown,4,Fa,Gd,1,6,Unf,2,1910,1966,2010,125500
Plywood,60,NWAmes,7,Gd,Gd,2,7,Fin,2,1986,1986,2008,215000
VinylSd,60,CollgCr,7,Gd,Ex,2,6,RFn,2,2001,2001,2009,230000
VinylSd,50,NAmes,6,TA,Ex,1,6,Unf,1,1950,1950,2009,140000
BrkFace,90,NAmes,4,NA,Fa,2,6,Unf,2,1949,1956,2009,90000
VinylSd,20,SawyerW,8,Gd,Ex,2,7,Fin,2,2005,2005,2009,257000
Wd Sdng,50,BrkSide,6,TA,Gd,1,8,Unf,2,1923,1922,2008,207000
VinylSd,120,Blmngtn,7,Gd,Ex,2,7,RFn,3,2007,2007,2009,175900
VinylSd,190,OldTown,4,TA,Gd,2,11,Unf,2,1885,1971,2010,122500
VinylSd,60,NoRidge,8,Gd,Ex,2,7,Fin,3,1998,1998,2009,340000
HdBoard,20,NAmes,5,TA,TA,1,6,Unf,1,1963,1962,2008,124000
Plywood,20,Crawfor,6,TA,Gd,2,7,RFn,2,1969,1969,2006,223000
HdBoard,60,NWAmes,6,TA,Gd,2,7,RFn,2,1968,1968,2006,179900
Plywood,120,NPkVill,6,Gd,TA,2,4,RFn,2,1977,1977,2010,127500
VinylSd,120,CollgCr,6,Gd,Ex,1,3,Fin,2,2003,2003,2008,136500
Plywood,80,Edwards,6,Gd,TA,2,8,Unf,2,1966,1966,2006,274970
HdBoard,20,NAmes,5,TA,TA,1,6,Unf,1,1958,1970,2007,144000
HdBoard,20,NAmes,6,TA,Ex,1,7,Unf,2,1959,1960,2008,142000
VinylSd,60,NoRidge,7,Gd,Ex,2,5,RFn,2,1994,1994,2008,271000
MetalSd,50,NAmes,5,TA,TA,1,6,Unf,1,1945,1962,2008,140000
MetalSd,30,OldTown,5,TA,TA,1,4,Unf,1,1940,1940,2010,119000
MetalSd,20,NWAmes,6,Gd,Ex,2,7,Fin,2,1981,1981,2007,182900
VinylSd,60,Gilbert,5,Gd,Ex,2,7,Fin,2,2005,2005,2006,192140
Plywood,120,NPkVill,6,Gd,TA,2,5,RFn,2,1976,1976,2009,143750
Wd Sdng,30,OldTown,4,TA,TA,2,5,Unf,1,1927,1928,2007,64500
VinylSd,60,Gilbert,6,Gd,Ex,2,8,Fin,2,2000,2000,2008,186500
BrkFace,20,Mitchel,5,TA,Fa,2,5,RFn,2,1977,1977,2006,160000
Wd Sdng,20,NAmes,6,TA,TA,1,7,RFn,2,1962,1962,2008,174000
HdBoard,20,NAmes,4,TA,TA,1,5,Unf,2,1971,1974,2007,120500
VinylSd,20,NridgHt,8,Ex,Ex,2,7,Fin,3,2008,2008,2008,394617
MetalSd,20,OldTown,6,TA,TA,1,6,Unf,2,1957,1957,2010,149700
HdBoard,60,NWAmes,7,TA,TA,2,6,RFn,2,1979,1979,2007,197000
MetalSd,70,Crawfor,6,Ex,Fa,2,11,Fin,2,1922,1993,2008,191000
VinylSd,120,CollgCr,6,Gd,Ex,1,3,RFn,2,2004,2004,2008,149300
VinylSd,60,Somerst,10,Ex,Ex,2,10,Fin,3,2008,2008,2009,310000
Wd Sdng,30,BrkSide,6,TA,Fa,1,4,Unf,1,1916,1916,2009,121000
VinylSd,20,CollgCr,7,Gd,Ex,2,7,RFn,2,2004,2004,2007,179600
VinylSd,85,Sawyer,6,TA,Gd,1,6,Unf,1,1966,1990,2007,129000
HdBoard,20,Mitchel,5,TA,TA,1,6,Unf,1,1962,1962,2010,157900
VinylSd,60,CollgCr,8,Gd,Ex,2,8,RFn,2,1995,1995,2007,240000
MetalSd,50,Edwards,4,Fa,Gd,1,6,Unf,1,1910,1950,2007,112000
CemntBd,180,MeadowV,5,Gd,Ex,1,3,NA,0,1970,NA,2006,92000
VinylSd,90,NAmes,5,Gd,TA,2,8,NA,0,1974,NA,2009,136000
CemntBd,20,Somerst,8,Gd,Ex,2,7,Fin,3,2008,2008,2009,287090
VinylSd,180,Edwards,5,Gd,Gd,1,5,Fin,2,2005,2005,2006,145000
VinylSd,20,Mitchel,5,Gd,Ex,1,6,NA,0,2006,NA,2006,84500
VinylSd,20,Somerst,7,Gd,Ex,2,6,RFn,2,2004,2004,2009,185000
VinylSd,60,Gilbert,6,Gd,Ex,2,7,RFn,2,1999,1999,2007,175000
Plywood,20,NWAmes,6,Gd,TA,2,7,Unf,2,1978,1978,2010,210000
CemntBd,70,Crawfor,7,TA,Ex,2,9,RFn,1,1941,1941,2010,266500
MetalSd,20,NAmes,5,TA,Gd,1,5,Unf,1,1950,1950,2010,142125
HdBoard,20,Edwards,5,TA,Gd,1,6,Fin,1,1965,1965,2008,147500
